"SUID","EdgeBetweenness","interaction","name","selected","shared interaction","shared name"
"81233","496.0","pp","YDR277C (pp) YDL194W","false","pp","YDR277C (pp) YDL194W"
"81234","988.0","pp","YDR277C (pp) YJR022W","false","pp","YDR277C (pp) YJR022W"
"81235","496.0","pp","YPR145W (pp) YMR117C","false","pp","YPR145W (pp) YMR117C"
"81236","2746.0","pp","YER054C (pp) YBR045C","false","pp","YER054C (pp) YBR045C"
"81237","3174.0","pp","YER054C (pp) YER133W","false","pp","YER054C (pp) YER133W"
"81238","2962.0","pp","YBR045C (pp) YOR178C","false","pp","YBR045C (pp) YOR178C"
"81239","5236.0","pp","YBR045C (pp) YIL045W","false","pp","YBR045C (pp) YIL045W"
"81240","6.0","pp","YBL079W (pp) YDL088C","false","pp","YBL079W (pp) YDL088C"
"81241","496.0","pp","YLR345W (pp) YLR321C","false","pp","YLR345W (pp) YLR321C"
"81242","496.0","pp","YGR136W (pp) YGR058W","false","pp","YGR136W (pp) YGR058W"
"81243","496.0","pp","YDL023C (pp) YJL159W","false","pp","YDL023C (pp) YJL159W"
"81244","4.0","pp","YBR170C (pp) YGR048W","false","pp","YBR170C (pp) YGR048W"
"81245","4.0","pp","YGR074W (pp) YBR043C","false","pp","YGR074W (pp) YBR043C"
"81246","4.0","pp","YGL202W (pp) YGR074W","false","pp","YGL202W (pp) YGR074W"
"81247","2.0","pp","YLR197W (pp) YOR310C","false","pp","YLR197W (pp) YOR310C"
"81248","2.0","pp","YLR197W (pp) YDL014W","false","pp","YLR197W (pp) YDL014W"
"81249","8.0","pp","YDL088C (pp) YER110C","false","pp","YDL088C (pp) YER110C"
"81250","496.0","pp","YMR117C (pp) YPR010C","false","pp","YMR117C (pp) YPR010C"
"81251","1476.0","pp","YMR117C (pp) YCL032W","false","pp","YMR117C (pp) YCL032W"
"81252","496.0","pp","YML114C (pp) YDR167W","false","pp","YML114C (pp) YDR167W"
"81253","496.0","pp","YNL036W (pp) YIR009W","false","pp","YNL036W (pp) YIR009W"
"81254","8540.0041292","pp","YOR212W (pp) YLR362W","false","pp","YOR212W (pp) YLR362W"
"81255","496.0","pp","YDR070C (pp) YFL017C","false","pp","YDR070C (pp) YFL017C"
"81256","496.0","pp","YGR046W (pp) YNL236W","false","pp","YGR046W (pp) YNL236W"
"81257","496.0","pp","YIL070C (pp) YML054C","false","pp","YIL070C (pp) YML054C"
"81258","496.0","pd","YPR113W (pd) YMR043W","false","pd","YPR113W (pd) YMR043W"
"81259","6.0","pp","YER081W (pp) YIL074C","false","pp","YER081W (pp) YIL074C"
"81260","496.0","pd","YGR088W (pd) YLR256W","false","pd","YGR088W (pd) YLR256W"
"81261","739.0","pp","YDR395W (pp) YPR102C","false","pp","YDR395W (pp) YPR102C"
"81262","1929.0","pp","YDR395W (pp) YOL127W","false","pp","YDR395W (pp) YOL127W"
"81263","496.0","pp","YDR395W (pp) YIL052C","false","pp","YDR395W (pp) YIL052C"
"81264","496.0","pp","YDR395W (pp) YER056CA","false","pp","YDR395W (pp) YER056CA"
"81265","496.0","pp","YDR395W (pp) YNL069C","false","pp","YDR395W (pp) YNL069C"
"81266","1929.0","pp","YDR395W (pp) YIL133C","false","pp","YDR395W (pp) YIL133C"
"81267","496.0","pp","YDR395W (pp) YDL075W","false","pp","YDR395W (pp) YDL075W"
"81268","739.0","pp","YGR085C (pp) YDR395W","false","pp","YGR085C (pp) YDR395W"
"81269","249.0","pp","YGR085C (pp) YLR075W","false","pp","YGR085C (pp) YLR075W"
"81270","496.0","pp","YDL030W (pp) YMR005W","false","pp","YDL030W (pp) YMR005W"
"81271","7802.71708292","pp","YDL030W (pp) YDL013W","false","pp","YDL030W (pp) YDL013W"
"81272","12.0","pp","YER079W (pp) YNL154C","false","pp","YER079W (pp) YNL154C"
"81273","12.0","pp","YER079W (pp) YHR135C","false","pp","YER079W (pp) YHR135C"
"81274","1476.0","pp","YDL215C (pp) YLR432W","false","pp","YDL215C (pp) YLR432W"
"81275","1476.0","pd","YDL215C (pd) YER040W","false","pd","YDL215C (pd) YER040W"
"81276","265.33333333","pp","YPR041W (pp) YMR309C","false","pp","YPR041W (pp) YMR309C"
"81277","230.66666667","pp","YPR041W (pp) YOR361C","false","pp","YPR041W (pp) YOR361C"
"81278","496.0","pd","YOR120W (pd) YPL248C","false","pd","YOR120W (pd) YPL248C"
"81279","8.0","pp","YIL074C (pp) YNL311C","false","pp","YIL074C (pp) YNL311C"
"81280","496.0","pd","YDR299W (pd) YJL194W","false","pd","YDR299W (pd) YJL194W"
"81281","988.0","pp","YHR005C (pp) YLR362W","false","pp","YHR005C (pp) YLR362W"
"81282","496.0","pp","YLR452C (pp) YHR005C","false","pp","YLR452C (pp) YHR005C"
"81283","1960.0","pp","YMR255W (pp) YGL122C","false","pp","YMR255W (pp) YGL122C"
"81284","2440.0","pp","YBR274W (pp) YMR255W","false","pp","YBR274W (pp) YMR255W"
"81285","4.83333333","pd","YHR084W (pd) YFL026W","false","pd","YHR084W (pd) YFL026W"
"81286","4.83333333","pd","YHR084W (pd) YDR461W","false","pd","YHR084W (pd) YDR461W"
"81287","485.5","pp","YHR084W (pp) YMR043W","false","pp","YHR084W (pp) YMR043W"
"81288","6133.28291708","pp","YBL050W (pp) YOR036W","false","pp","YBL050W (pp) YOR036W"
"81289","248.5","pp","YBL026W (pp) YOR167C","false","pp","YBL026W (pp) YOR167C"
"81290","988.0","pd","YJL194W (pd) YMR043W","false","pd","YJL194W (pd) YMR043W"
"81291","2916.0","pp","YLR258W (pp) YBR274W","false","pp","YLR258W (pp) YBR274W"
"81292","4780.0","pp","YLR258W (pp) YIL045W","false","pp","YLR258W (pp) YIL045W"
"81293","1476.0","pp","YGL134W (pp) YLR258W","false","pp","YGL134W (pp) YLR258W"
"81294","988.0","pp","YGL134W (pp) YPL031C","false","pp","YGL134W (pp) YPL031C"
"81295","4.0","pd","YPR124W (pd) YMR021C","false","pd","YPR124W (pd) YMR021C"
"81296","988.0","pp","YNL135C (pp) YDR174W","false","pp","YNL135C (pp) YDR174W"
"81297","496.0","pp","YER052C (pp) YNL135C","false","pp","YER052C (pp) YNL135C"
"81298","8233.28291708","pp","YPL240C (pp) YOR036W","false","pp","YPL240C (pp) YOR036W"
"81299","323.0","pp","YPL240C (pp) YBR155W","false","pp","YPL240C (pp) YBR155W"
"81300","249.0","pp","YLR075W (pp) YPR102C","false","pp","YLR075W (pp) YPR102C"
"81301","496.0","pp","YKL161C (pp) YPL089C","false","pp","YKL161C (pp) YPL089C"
"81302","739.0","pd","YAR007C (pd) YPL111W","false","pd","YAR007C (pd) YPL111W"
"81303","249.0","pp","YAR007C (pp) YML032C","false","pp","YAR007C (pp) YML032C"
"81304","12.0","pp","YDR142C (pp) YIL160C","false","pp","YDR142C (pp) YIL160C"
"81305","8.0","pp","YDR142C (pp) YGL153W","false","pp","YDR142C (pp) YGL153W"
"81306","12.0","pp","YDR244W (pp) YDL078C","false","pp","YDR244W (pp) YDL078C"
"81307","12.0","pp","YDR244W (pp) YDR142C","false","pp","YDR244W (pp) YDR142C"
"81308","7.0","pp","YDR244W (pp) YNL214W","false","pp","YDR244W (pp) YNL214W"
"81309","4.0","pp","YDR244W (pp) YGL153W","false","pp","YDR244W (pp) YGL153W"
"81310","7.0","pp","YDR244W (pp) YLR191W","false","pp","YDR244W (pp) YLR191W"
"81311","988.0","pp","YDR167W (pp) YLR432W","false","pp","YDR167W (pp) YLR432W"
"81312","496.0","pp","YLR175W (pp) YNL307C","false","pp","YLR175W (pp) YNL307C"
"81313","496.0","pd","YNL117W (pd) YJL089W","false","pd","YNL117W (pd) YJL089W"
"81314","496.0","pp","YOR089C (pp) YDR323C","false","pp","YOR089C (pp) YDR323C"
"81315","5.0","pp","YNL214W (pp) YGL153W","false","pp","YNL214W (pp) YGL153W"
"81316","3206.08455433","pp","YBR135W (pp) YER102W","false","pp","YBR135W (pp) YER102W"
"81317","6.0","pp","YER110C (pp) YML007W","false","pp","YER110C (pp) YML007W"
"81318","5.0","pp","YLR191W (pp) YGL153W","false","pp","YLR191W (pp) YGL153W"
"81319","248.5","pp","YOL149W (pp) YOR167C","false","pp","YOL149W (pp) YOR167C"
"81320","496.0","pp","YMR044W (pp) YIL061C","false","pp","YMR044W (pp) YIL061C"
"81321","2.0","pp","YNL113W (pp) YPR110C","false","pp","YNL113W (pp) YPR110C"
"81322","496.0","pd","YDR354W (pd) YEL009C","false","pd","YDR354W (pd) YEL009C"
"81323","2.0","pp","YKL211C (pp) YER090W","false","pp","YKL211C (pp) YER090W"
"81324","19180.22220002","pd","YDR146C (pd) YGL035C","false","pd","YDR146C (pd) YGL035C"
"81325","19179.59362859","pd","YDR146C (pd) YMR043W","false","pd","YDR146C (pd) YMR043W"
"81326","2361.73260073","pd","YER111C (pd) YMR043W","false","pd","YER111C (pd) YMR043W"
"81327","4.0","pp","YOR039W (pp) YOR303W","false","pp","YOR039W (pp) YOR303W"
"81328","496.0","pd","YML024W (pd) YNL216W","false","pd","YML024W (pd) YNL216W"
"81329","988.0","pp","YIL113W (pp) YHR030C","false","pp","YIL113W (pp) YHR030C"
"81330","496.0","pp","YLL019C (pp) YIL113W","false","pp","YLL019C (pp) YIL113W"
"81331","615.77575758","pd","YDR009W (pd) YGL035C","false","pd","YDR009W (pd) YGL035C"
"81332","143.37575758","pp","YML051W (pp) YDR009W","false","pp","YML051W (pp) YDR009W"
"81333","135.97575758","pp","YML051W (pp) YBR020W","false","pp","YML051W (pp) YBR020W"
"81334","496.0","pp","YPL031C (pp) YHR071W","false","pp","YPL031C (pp) YHR071W"
"81335","496.0","pd","YML123C (pd) YFR034C","false","pd","YML123C (pd) YFR034C"
"81336","2.0","pp","YMR058W (pp) YER145C","false","pp","YMR058W (pp) YER145C"
"81337","2.0","pp","YML074C (pp) YJL190C","false","pp","YML074C (pp) YJL190C"
"81338","2356.12454212","pp","YOR355W (pp) YNL091W","false","pp","YOR355W (pp) YNL091W"
"81339","496.0","pp","YFL038C (pp) YOR036W","false","pp","YFL038C (pp) YOR036W"
"81340","887.73076923","pd","YIL162W (pd) YNL167C","false","pd","YIL162W (pd) YNL167C"
"81341","496.0","pp","YER133W (pp) YBR050C","false","pp","YER133W (pp) YBR050C"
"81342","496.0","pp","YER133W (pp) YMR311C","false","pp","YER133W (pp) YMR311C"
"81343","496.0","pp","YER133W (pp) YOR315W","false","pp","YER133W (pp) YOR315W"
"81344","7242.0","pp","YER133W (pp) YOR178C","false","pp","YER133W (pp) YOR178C"
"81345","11988.0","pp","YER133W (pp) YDR412W","false","pp","YER133W (pp) YDR412W"
"81346","2.0","pp","YFR037C (pp) YOR290C","false","pp","YFR037C (pp) YOR290C"
"81347","988.0","pd","YFR034C (pd) YBR093C","false","pd","YFR034C (pd) YBR093C"
"81348","381.0","pd","YAL040C (pd) YMR043W","false","pd","YAL040C (pd) YMR043W"
"81349","4.0","pp","YGR048W (pp) YPL222W","false","pp","YGR048W (pp) YPL222W"
"81350","4.0","pp","YMR291W (pp) YGL115W","false","pp","YMR291W (pp) YGL115W"
"81351","5785.28291708","pp","YGR009C (pp) YBL050W","false","pp","YGR009C (pp) YBL050W"
"81352","4025.28291708","pp","YGR009C (pp) YDR335W","false","pp","YGR009C (pp) YDR335W"
"81353","739.0","pp","YGR009C (pp) YOR327C","false","pp","YGR009C (pp) YOR327C"
"81354","739.0","pp","YGR009C (pp) YAL030W","false","pp","YGR009C (pp) YAL030W"
"81355","496.0","pp","YMR183C (pp) YGR009C","false","pp","YMR183C (pp) YGR009C"
"81356","2.0","pp","YGL161C (pp) YDR100W","false","pp","YGL161C (pp) YDR100W"
"81357","2.0","pp","YDL063C (pp) YPL131W","false","pp","YDL063C (pp) YPL131W"
"81358","611.26923077","pd","YNL167C (pd) YOR202W","false","pd","YNL167C (pd) YOR202W"
"81359","4.0","pp","YHR115C (pp) YOR215C","false","pp","YHR115C (pp) YOR215C"
"81360","4.0","pp","YEL041W (pp) YHR115C","false","pp","YEL041W (pp) YHR115C"
"81361","2.0","pp","YJL036W (pp) YDL113C","false","pp","YJL036W (pp) YDL113C"
"81362","8.0","pp","YBR109C (pp) YFR014C","false","pp","YBR109C (pp) YFR014C"
"81363","12.0","pp","YBR109C (pp) YOR326W","false","pp","YBR109C (pp) YOR326W"
"81364","8.0","pp","YOL016C (pp) YBR109C","false","pp","YOL016C (pp) YBR109C"
"81365","6.0","pp","YNL311C (pp) YKL001C","false","pp","YNL311C (pp) YKL001C"
"81366","4592.87952048","pp","YLR319C (pp) YLR362W","false","pp","YLR319C (pp) YLR362W"
"81367","496.0","pp","YNL189W (pp) YPR062W","false","pp","YNL189W (pp) YPR062W"
"81368","2598.55641026","pp","YNL189W (pp) YER065C","false","pp","YNL189W (pp) YER065C"
"81369","1960.0","pp","YNL189W (pp) YPL111W","false","pp","YNL189W (pp) YPL111W"
"81370","496.0","pp","YNL189W (pp) YDL236W","false","pp","YNL189W (pp) YDL236W"
"81371","496.0","pp","YBL069W (pp) YGL008C","false","pp","YBL069W (pp) YGL008C"
"81372","1476.0","pd","YGL073W (pd) YER103W","false","pd","YGL073W (pd) YER103W"
"81373","981.0","pd","YGL073W (pd) YHR055C","false","pd","YGL073W (pd) YHR055C"
"81374","981.0","pd","YGL073W (pd) YHR053C","false","pd","YGL073W (pd) YHR053C"
"81375","4320.0","pp","YGL073W (pp) YOR178C","false","pp","YGL073W (pp) YOR178C"
"81376","496.0","pd","YBR072W (pd) YGL073W","false","pd","YBR072W (pd) YGL073W"
"81377","988.0","pp","YLR321C (pp) YDR412W","false","pp","YLR321C (pp) YDR412W"
"81378","3388.0","pp","YPR048W (pp) YDL215C","false","pp","YPR048W (pp) YDL215C"
"81379","2162.02930403","pp","YPR048W (pp) YOR355W","false","pp","YPR048W (pp) YOR355W"
"81380","3624.18315018","pp","YNL199C (pp) YPR048W","false","pp","YNL199C (pp) YPR048W"
"81381","1846.76542347","pd","YPL075W (pd) YOL086C","false","pd","YPL075W (pd) YOL086C"
"81382","1846.76542347","pd","YPL075W (pd) YDR050C","false","pd","YPL075W (pd) YDR050C"
"81383","11094.32880453","pp","YPL075W (pp) YNL199C","false","pp","YPL075W (pp) YNL199C"
"81384","1846.76542347","pd","YPL075W (pd) YHR174W","false","pd","YPL075W (pd) YHR174W"
"81385","1846.76542347","pd","YPL075W (pd) YGR254W","false","pd","YPL075W (pd) YGR254W"
"81386","2034.76542347","pd","YPL075W (pd) YCR012W","false","pd","YPL075W (pd) YCR012W"
"81387","8.0","pp","YFL039C (pp) YHR179W","false","pp","YFL039C (pp) YHR179W"
"81388","8.0","pp","YFL039C (pp) YCL040W","false","pp","YFL039C (pp) YCL040W"
"81389","12.0","pp","YDR382W (pp) YFL039C","false","pp","YDR382W (pp) YFL039C"
"81390","8.0","pp","YDR382W (pp) YDL130W","false","pp","YDR382W (pp) YDL130W"
"81391","496.0","pp","YJR066W (pp) YLR116W","false","pp","YJR066W (pp) YLR116W"
"81392","8.0","pp","YNL154C (pp) YKL204W","false","pp","YNL154C (pp) YKL204W"
"81393","2031.91544567","pp","YNL047C (pp) YIL105C","false","pp","YNL047C (pp) YIL105C"
"81394","8.0","pp","YHR135C (pp) YNL116W","false","pp","YHR135C (pp) YNL116W"
"81395","3145.71148851","pp","YML064C (pp) YDR174W","false","pp","YML064C (pp) YDR174W"
"81396","496.0","pp","YML064C (pp) YLR284C","false","pp","YML064C (pp) YLR284C"
"81397","496.0","pp","YML064C (pp) YHR198C","false","pp","YML064C (pp) YHR198C"
"81398","2916.0","pp","YKL074C (pp) YGL035C","false","pp","YKL074C (pp) YGL035C"
"81399","2.0","pp","YDL081C (pp) YLR340W","false","pp","YDL081C (pp) YLR340W"
"81400","495.0","pd","YGL166W (pd) YHR055C","false","pd","YGL166W (pd) YHR055C"
"81401","495.0","pd","YGL166W (pd) YHR053C","false","pd","YGL166W (pd) YHR053C"
"81402","496.0","pp","YLL028W (pp) YGL166W","false","pp","YLL028W (pp) YGL166W"
"81403","3733.28291708","pp","YDR335W (pp) YDR174W","false","pp","YDR335W (pp) YDR174W"
"81404","4.0","pd","YMR021C (pd) YLR214W","false","pd","YMR021C (pd) YLR214W"
"81405","1271.90164835","pd","YJL089W (pd) YLR377C","false","pd","YJL089W (pd) YLR377C"
"81406","2924.57527473","pd","YJL089W (pd) YKR097W","false","pd","YJL089W (pd) YKR097W"
"81407","2882.71025641","pd","YJL089W (pd) YER065C","false","pd","YJL089W (pd) YER065C"
"81408","2101.73260073","pp","YHR030C (pp) YER111C","false","pp","YHR030C (pp) YER111C"
"81409","1104.11355311","pp","YHR030C (pp) YLL021W","false","pp","YHR030C (pp) YLL021W"
"81410","988.0","pp","YPL089C (pp) YHR030C","false","pp","YPL089C (pp) YHR030C"
"81411","4.0","pp","YGL115W (pp) YGL208W","false","pp","YGL115W (pp) YGL208W"
"81412","988.0","pp","YLR310C (pp) YER103W","false","pp","YLR310C (pp) YER103W"
"81413","496.0","pp","YNL098C (pp) YLR310C","false","pp","YNL098C (pp) YLR310C"
"81414","496.0","pd","YER040W (pd) YGR019W","false","pd","YER040W (pd) YGR019W"
"81415","496.0","pd","YER040W (pd) YPR035W","false","pd","YER040W (pd) YPR035W"
"81416","988.0","pd","YGL008C (pd) YMR043W","false","pd","YGL008C (pd) YMR043W"
"81417","494.0","pp","YOR036W (pp) YGL161C","false","pp","YOR036W (pp) YGL161C"
"81418","494.0","pp","YOR036W (pp) YDR100W","false","pp","YOR036W (pp) YDR100W"
"81419","988.0","pp","YDR323C (pp) YOR036W","false","pp","YDR323C (pp) YOR036W"
"81420","249.0","pd","YBL005W (pd) YJL219W","false","pd","YBL005W (pd) YJL219W"
"81421","48.0","pp","YBR160W (pp) YGR108W","false","pp","YBR160W (pp) YGR108W"
"81422","940.0","pd","YBR160W (pd) YMR043W","false","pd","YBR160W (pd) YMR043W"
"81423","496.0","pp","YKL101W (pp) YBR160W","false","pp","YKL101W (pp) YBR160W"
"81424","249.0","pd","YOL156W (pd) YBL005W","false","pd","YOL156W (pd) YBL005W"
"81425","1026.26739927","pp","YLL021W (pp) YLR362W","false","pp","YLL021W (pp) YLR362W"
"81426","496.0","pp","YJL203W (pp) YOL136C","false","pp","YJL203W (pp) YOL136C"
"81427","8680.0041292","pp","YJL157C (pp) YOR212W","false","pp","YJL157C (pp) YOR212W"
"81428","115.0","pp","YJL157C (pp) YAL040C","false","pp","YJL157C (pp) YAL040C"
"81429","4.83333333","pd","YNL145W (pd) YHR084W","false","pd","YNL145W (pd) YHR084W"
"81430","9.83333333","pd","YNL145W (pd) YCL067C","false","pd","YNL145W (pd) YCL067C"
"81431","3656.08455433","pp","YGR108W (pp) YBR135W","false","pp","YGR108W (pp) YBR135W"
"81432","484.33333333","pd","YMR043W (pd) YFL026W","false","pd","YMR043W (pd) YFL026W"
"81433","9243.86127206","pd","YMR043W (pd) YJL157C","false","pd","YMR043W (pd) YJL157C"
"81434","484.33333333","pd","YMR043W (pd) YNL145W","false","pd","YMR043W (pd) YNL145W"
"81435","484.33333333","pd","YMR043W (pd) YDR461W","false","pd","YMR043W (pd) YDR461W"
"81436","4058.08455433","pd","YMR043W (pd) YGR108W","false","pd","YMR043W (pd) YGR108W"
"81437","3136.17527473","pd","YMR043W (pd) YKR097W","false","pd","YMR043W (pd) YKR097W"
"81438","988.0","pd","YMR043W (pd) YJL159W","false","pd","YMR043W (pd) YJL159W"
"81439","487.0","pd","YMR043W (pd) YIL015W","false","pd","YMR043W (pd) YIL015W"
"81440","2540.66666667","pd","YKL109W (pd) YGL035C","false","pd","YKL109W (pd) YGL035C"
"81441","1185.8","pd","YKL109W (pd) YJR048W","false","pd","YKL109W (pd) YJR048W"
"81442","451.43333333","pp","YKL109W (pp) YBL021C","false","pp","YKL109W (pp) YBL021C"
"81443","451.43333333","pp","YKL109W (pp) YGL237C","false","pp","YKL109W (pp) YGL237C"
"81444","249.0","pp","YBR217W (pp) YNR007C","false","pp","YBR217W (pp) YNR007C"
"81445","739.0","pp","YHR171W (pp) YNR007C","false","pp","YHR171W (pp) YNR007C"
"81446","1960.0","pp","YHR171W (pp) YDR412W","false","pp","YHR171W (pp) YDR412W"
"81447","249.0","pp","YPL149W (pp) YBR217W","false","pp","YPL149W (pp) YBR217W"
"81448","739.0","pp","YPL149W (pp) YHR171W","false","pp","YPL149W (pp) YHR171W"
"81449","496.0","pp","YDR311W (pp) YKL028W","false","pp","YDR311W (pp) YKL028W"
"81450","44.56666667","pd","YBL021C (pd) YJR048W","false","pd","YBL021C (pd) YJR048W"
"81451","44.56666667","pd","YGL237C (pd) YJR048W","false","pd","YGL237C (pd) YJR048W"
"81452","496.0","pd","YLR256W (pd) YEL039C","false","pd","YLR256W (pd) YEL039C"
"81453","2440.0","pd","YLR256W (pd) YJR048W","false","pd","YLR256W (pd) YJR048W"
"81454","988.0","pd","YLR256W (pd) YML054C","false","pd","YLR256W (pd) YML054C"
"81455","4.0","pp","YJR109C (pp) YOR303W","false","pp","YJR109C (pp) YOR303W"
"81456","988.0","pp","YGR058W (pp) YOR264W","false","pp","YGR058W (pp) YOR264W"
"81457","988.0","pp","YLR229C (pp) YJL157C","false","pp","YLR229C (pp) YJL157C"
"81458","496.0","pp","YDR309C (pp) YLR229C","false","pp","YDR309C (pp) YLR229C"
"81459","988.0","pp","YLR116W (pp) YKL012W","false","pp","YLR116W (pp) YKL012W"
"81460","739.0","pd","YNL312W (pd) YPL111W","false","pd","YNL312W (pd) YPL111W"
"81461","249.0","pp","YML032C (pp) YNL312W","false","pp","YML032C (pp) YNL312W"
"81462","2440.0","pp","YKL012W (pp) YKL074C","false","pp","YKL012W (pp) YKL074C"
"81463","988.0","pp","YNL236W (pp) YKL012W","false","pp","YNL236W (pp) YKL012W"
"81464","496.0","pp","YNL091W (pp) YNL164C","false","pp","YNL091W (pp) YNL164C"
"81465","4543.54618715","pp","YDR184C (pp) YLR319C","false","pp","YDR184C (pp) YLR319C"
"81466","988.0","pp","YIL143C (pp) YDR311W","false","pp","YIL143C (pp) YDR311W"
"81467","2992.12454212","pp","YIR009W (pp) YNL091W","false","pp","YIR009W (pp) YNL091W"
"81468","4563.54618715","pp","YIR009W (pp) YDR184C","false","pp","YIR009W (pp) YDR184C"
"81469","1476.0","pp","YIR009W (pp) YIL143C","false","pp","YIR009W (pp) YIL143C"
"81470","5834.22017982","pp","YIR009W (pp) YKR099W","false","pp","YIR009W (pp) YKR099W"
"81471","491.0","pd","YPL248C (pd) YBR018C","false","pd","YPL248C (pd) YBR018C"
"81472","491.0","pd","YPL248C (pd) YLR081W","false","pd","YPL248C (pd) YLR081W"
"81473","38.23333333","pd","YPL248C (pd) YBR020W","false","pd","YPL248C (pd) YBR020W"
"81474","236.24848485","pp","YPL248C (pp) YML051W","false","pp","YPL248C (pp) YML051W"
"81475","236.24848485","pd","YPL248C (pd) YML051W","false","pd","YPL248C (pd) YML051W"
"81476","2953.35151515","pd","YPL248C (pd) YGL035C","false","pd","YPL248C (pd) YGL035C"
"81477","1779.33333333","pd","YPL248C (pd) YJR048W","false","pd","YPL248C (pd) YJR048W"
"81478","40.23333333","pd","YPL248C (pd) YBR019C","false","pd","YPL248C (pd) YBR019C"
"81479","713.65151515","pd","YBR020W (pd) YGL035C","false","pd","YBR020W (pd) YGL035C"
"81480","1336.3974359","pd","YGL035C (pd) YIL162W","false","pd","YGL035C (pd) YIL162W"
"81481","1488.73498168","pd","YGL035C (pd) YLR377C","false","pd","YGL035C (pd) YLR377C"
"81482","15561.19504385","pd","YGL035C (pd) YLR044C","false","pd","YGL035C (pd) YLR044C"
"81483","5.0","pd","YOL051W (pd) YBR018C","false","pd","YOL051W (pd) YBR018C"
"81484","222.64848485","pp","YOL051W (pp) YPL248C","false","pp","YOL051W (pp) YPL248C"
"81485","5.0","pd","YOL051W (pd) YLR081W","false","pd","YOL051W (pd) YLR081W"
"81486","138.04242424","pd","YOL051W (pd) YBR020W","false","pd","YOL051W (pd) YBR020W"
"81487","583.07575758","pd","YBR019C (pd) YGL035C","false","pd","YBR019C (pd) YGL035C"
"81488","136.64242424","pd","YBR019C (pd) YOL051W","false","pd","YBR019C (pd) YOL051W"
"81489","496.0","pd","YJR060W (pd) YPR167C","false","pd","YJR060W (pd) YPR167C"
"81490","486.0","pp","YDR103W (pp) YLR362W","false","pp","YDR103W (pp) YLR362W"
"81491","8670.28291708","pp","YLR362W (pp) YPL240C","false","pp","YLR362W (pp) YPL240C"
"81492","665.0","pp","YLR362W (pp) YMR186W","false","pp","YLR362W (pp) YMR186W"
"81493","496.0","pp","YLR362W (pp) YER124C","false","pp","YLR362W (pp) YER124C"
"81494","10.0","pp","YCL032W (pp) YDR103W","false","pp","YCL032W (pp) YDR103W"
"81495","2430.0","pp","YCL032W (pp) YLR362W","false","pp","YCL032W (pp) YLR362W"
"81496","496.0","pp","YCL032W (pp) YDR032C","false","pp","YCL032W (pp) YDR032C"
"81497","496.0","pp","YMR138W (pp) YLR109W","false","pp","YMR138W (pp) YLR109W"
"81498","496.0","pp","YMR138W (pp) YHR141C","false","pp","YMR138W (pp) YHR141C"
"81499","1797.88974359","pp","YOL058W (pp) YNL189W","false","pp","YOL058W (pp) YNL189W"
"81500","496.0","pd","YEL009C (pd) YMR300C","false","pd","YEL009C (pd) YMR300C"
"81501","1902.08974359","pd","YEL009C (pd) YOL058W","false","pd","YEL009C (pd) YOL058W"
"81502","496.0","pd","YEL009C (pd) YBR248C","false","pd","YEL009C (pd) YBR248C"
"81503","3692.35897436","pd","YEL009C (pd) YCL030C","false","pd","YEL009C (pd) YCL030C"
"81504","635.26923077","pd","YEL009C (pd) YOR202W","false","pd","YEL009C (pd) YOR202W"
"81505","496.0","pd","YEL009C (pd) YMR108W","false","pd","YEL009C (pd) YMR108W"
"81506","247.0","pp","YMR186W (pp) YBR155W","false","pp","YMR186W (pp) YBR155W"
"81507","8.0","pp","YOR326W (pp) YGL106W","false","pp","YOR326W (pp) YGL106W"
"81508","1581.91544567","pp","YMR309C (pp) YNL047C","false","pp","YMR309C (pp) YNL047C"
"81509","1287.12973138","pp","YOR361C (pp) YDR429C","false","pp","YOR361C (pp) YDR429C"
"81510","1073.41544567","pp","YOR361C (pp) YMR309C","false","pp","YOR361C (pp) YMR309C"
"81511","2481.91544567","pp","YER179W (pp) YIL105C","false","pp","YER179W (pp) YIL105C"
"81512","496.0","pp","YER179W (pp) YLR134W","false","pp","YER179W (pp) YLR134W"
"81513","3377.91544567","pp","YER179W (pp) YLR044C","false","pp","YER179W (pp) YLR044C"
"81514","2.0","pp","YDL014W (pp) YOR310C","false","pp","YDL014W (pp) YOR310C"
"81515","18360.0","pd","YPR119W (pd) YMR043W","false","pd","YPR119W (pd) YMR043W"
"81516","496.0","pp","YLR117C (pp) YBR190W","false","pp","YLR117C (pp) YBR190W"
"81517","739.0","pd","YGL013C (pd) YOL156W","false","pd","YGL013C (pd) YOL156W"
"81518","739.0","pd","YGL013C (pd) YJL219W","false","pd","YGL013C (pd) YJL219W"
"81519","1476.0","pp","YCR086W (pp) YOR264W","false","pp","YCR086W (pp) YOR264W"
"81520","18040.0","pp","YDR412W (pp) YPR119W","false","pp","YDR412W (pp) YPR119W"
"81521","988.0","pp","YDR412W (pp) YLR117C","false","pp","YDR412W (pp) YLR117C"
"81522","1960.0","pp","YDR412W (pp) YGL013C","false","pp","YDR412W (pp) YGL013C"
"81523","1960.0","pp","YDR412W (pp) YCR086W","false","pp","YDR412W (pp) YCR086W"
"81524","2.0","pp","YER062C (pp) YPL201C","false","pp","YER062C (pp) YPL201C"
"81525","249.0","pp","YOR327C (pp) YER143W","false","pp","YOR327C (pp) YER143W"
"81526","249.0","pp","YAL030W (pp) YER143W","false","pp","YAL030W (pp) YER143W"
"81527","3832.74371184","pd","YCL030C (pd) YKR099W","false","pd","YCL030C (pd) YKR099W"
"81528","988.0","pd","YCR012W (pd) YJR060W","false","pd","YCR012W (pd) YJR060W"
"81529","2148.76542347","pd","YNL216W (pd) YOL086C","false","pd","YNL216W (pd) YOL086C"
"81530","2148.76542347","pd","YNL216W (pd) YDR050C","false","pd","YNL216W (pd) YDR050C"
"81531","2391.0","pd","YNL216W (pd) YOL127W","false","pd","YNL216W (pd) YOL127W"
"81532","2940.76542347","pd","YNL216W (pd) YAL038W","false","pd","YNL216W (pd) YAL038W"
"81533","496.0","pd","YNL216W (pd) YIL069C","false","pd","YNL216W (pd) YIL069C"
"81534","496.0","pd","YNL216W (pd) YER074W","false","pd","YNL216W (pd) YER074W"
"81535","1476.0","pd","YNL216W (pd) YBR093C","false","pd","YNL216W (pd) YBR093C"
"81536","496.0","pp","YNL216W (pp) YDR171W","false","pp","YNL216W (pp) YDR171W"
"81537","5079.35982906","pd","YNL216W (pd) YCL030C","false","pd","YNL216W (pd) YCL030C"
"81538","496.0","pd","YNL216W (pd) YNL301C","false","pd","YNL216W (pd) YNL301C"
"81539","496.0","pd","YNL216W (pd) YOL120C","false","pd","YNL216W (pd) YOL120C"
"81540","15620.15017205","pd","YNL216W (pd) YLR044C","false","pd","YNL216W (pd) YLR044C"
"81541","2391.0","pd","YNL216W (pd) YIL133C","false","pd","YNL216W (pd) YIL133C"
"81542","2148.76542347","pd","YNL216W (pd) YHR174W","false","pd","YNL216W (pd) YHR174W"
"81543","2148.76542347","pd","YNL216W (pd) YGR254W","false","pd","YNL216W (pd) YGR254W"
"81544","2940.76542347","pd","YNL216W (pd) YCR012W","false","pd","YNL216W (pd) YCR012W"
"81545","2034.76542347","pd","YAL038W (pd) YPL075W","false","pd","YAL038W (pd) YPL075W"
"81546","988.0","pp","YNL307C (pp) YAL038W","false","pp","YNL307C (pp) YAL038W"
"81547","496.0","pp","YER116C (pp) YDL013W","false","pp","YER116C (pp) YDL013W"
"81548","7118.71708292","pp","YNR053C (pp) YDL030W","false","pp","YNR053C (pp) YDL030W"
"81549","988.0","pp","YNR053C (pp) YJL203W","false","pp","YNR053C (pp) YJL203W"
"81550","248.5","pp","YLR264W (pp) YBL026W","false","pp","YLR264W (pp) YBL026W"
"81551","248.5","pp","YLR264W (pp) YOL149W","false","pp","YLR264W (pp) YOL149W"
"81552","248.5","pp","YLR264W (pp) YER112W","false","pp","YLR264W (pp) YER112W"
"81553","3025.31048951","pp","YEL015W (pp) YML064C","false","pp","YEL015W (pp) YML064C"
"81554","1476.0","pp","YNR050C (pp) YMR138W","false","pp","YNR050C (pp) YMR138W"
"81555","6283.85994006","pp","YJR022W (pp) YNR053C","false","pp","YJR022W (pp) YNR053C"
"81556","1220.5","pp","YJR022W (pp) YLR264W","false","pp","YJR022W (pp) YLR264W"
"81557","1220.5","pp","YJR022W (pp) YOR167C","false","pp","YJR022W (pp) YOR167C"
"81558","3050.14565435","pp","YJR022W (pp) YEL015W","false","pp","YJR022W (pp) YEL015W"
"81559","496.0","pp","YJR022W (pp) YNL050C","false","pp","YJR022W (pp) YNL050C"
"81560","1960.0","pp","YJR022W (pp) YNR050C","false","pp","YJR022W (pp) YNR050C"
"81561","248.5","pp","YER112W (pp) YOR167C","false","pp","YER112W (pp) YOR167C"
"81562","9.83333333","pd","YCL067C (pd) YFL026W","false","pd","YCL067C (pd) YFL026W"
"81563","9.83333333","pd","YCL067C (pd) YDR461W","false","pd","YCL067C (pd) YDR461W"
"81564","1447.5","pp","YCL067C (pp) YMR043W","false","pp","YCL067C (pp) YMR043W"
"81565","9.0","pd","YCL067C (pd) YIL015W","false","pd","YCL067C (pd) YIL015W"
"81566","988.0","pp","YCR084C (pp) YCL067C","false","pp","YCR084C (pp) YCL067C"
"81567","496.0","pp","YCR084C (pp) YBR112C","false","pp","YCR084C (pp) YBR112C"
"81568","496.0","pp","YIL061C (pp) YLR153C","false","pp","YIL061C (pp) YLR153C"
"81569","9902.71708292","pp","YIL061C (pp) YNL199C","false","pp","YIL061C (pp) YNL199C"
"81570","8486.71708292","pp","YIL061C (pp) YDL013W","false","pp","YIL061C (pp) YDL013W"
"81571","496.0","pp","YGR203W (pp) YIL061C","false","pp","YGR203W (pp) YIL061C"
"81572","5.0","pp","YJL013C (pp) YGL229C","false","pp","YJL013C (pp) YGL229C"
"81573","5.0","pp","YJL030W (pp) YGL229C","false","pp","YJL030W (pp) YGL229C"
"81574","7.0","pp","YGR014W (pp) YJL013C","false","pp","YGR014W (pp) YJL013C"
"81575","7.0","pp","YGR014W (pp) YJL030W","false","pp","YGR014W (pp) YJL030W"
"81576","8.0","pp","YPL211W (pp) YGR014W","false","pp","YPL211W (pp) YGR014W"
"81577","496.0","pp","YOL123W (pp) YGL044C","false","pp","YOL123W (pp) YGL044C"
"81578","496.0","pp","YFL017C (pp) YOR362C","false","pp","YFL017C (pp) YOR362C"
"81579","2758.08455433","pp","YFL017C (pp) YER102W","false","pp","YFL017C (pp) YER102W"
"81580","496.0","pp","YFL017C (pp) YOL059W","false","pp","YFL017C (pp) YOL059W"
"81581","1470.49481074","pp","YDR429C (pp) YFL017C","false","pp","YDR429C (pp) YFL017C"
"81582","496.0","pp","YMR146C (pp) YDR429C","false","pp","YMR146C (pp) YDR429C"
"81583","6.0","pp","YLR293C (pp) YGL097W","false","pp","YLR293C (pp) YGL097W"
"81584","4.0","pp","YBR118W (pp) YAL003W","false","pp","YBR118W (pp) YAL003W"
"81585","4.0","pp","YPR080W (pp) YAL003W","false","pp","YPR080W (pp) YAL003W"
"81586","4.0","pp","YLR249W (pp) YBR118W","false","pp","YLR249W (pp) YBR118W"
"81587","4.0","pp","YLR249W (pp) YPR080W","false","pp","YLR249W (pp) YPR080W"
"81588","6.0","pp","YGL097W (pp) YOR204W","false","pp","YGL097W (pp) YOR204W"
"81589","6.0","pp","YGR218W (pp) YGL097W","false","pp","YGR218W (pp) YGL097W"
"81590","988.0","pp","YGL122C (pp) YOL123W","false","pp","YGL122C (pp) YOL123W"
"81591","496.0","pp","YKR026C (pp) YGL122C","false","pp","YKR026C (pp) YGL122C"
