"SUID","AverageShortestPathLength","BetweennessCentrality","ClosenessCentrality","ClusteringCoefficient","COMMON","Degree","degree.layout","Eccentricity","gal1RGexp","gal1RGsig","gal4RGexp","gal4RGsig","gal80Rexp","gal80Rsig","isExcludedFromPaths","IsSingleNode","name","NeighborhoodConnectivity","NumberOfDirectedEdges","NumberOfUndirectedEdges","PartnerOfMultiEdgedNodePairs","Radiality","selected","SelfLoops","shared name","Stress","TopologicalCoefficient"
"80903","13.11693548","0.0","0.07623732","0.0","SNF3","1","1","26","0.139","0.018043","0.333","0.033961","0.449","0.011348","false","false","YDL194W","2.0","1","0","0","0.55122461","false","0","YDL194W","0","0.0"
"80904","12.12096774","0.00806452","0.08250166","0.0","MTH1","2","2","25","0.243","2.186E-5","0.192","0.028044","0.448","5.727E-4","false","false","YDR277C","4.0","2","0","0","0.58811231","false","0","YDR277C","2722","0.5"
"80905","1.5","0.0","0.66666667","0.0","YBR043C","1","1","2","0.454","5.373E-8","0.023","0.94178","0.0","0.999999","false","false","YBR043C","2.0","1","0","0","0.75","false","0","YBR043C","0","0.0"
"80906","9.7983871","0.0","0.10205761","0.0","ASN1","1","1","18","-0.195","3.174E-5","-0.614","1.1525E-7","-0.232","0.0011873","false","false","YPR145W","3.0","1","0","0","0.67413381","false","0","YPR145W","0","0.0"
"80907","8.81854839","0.04427321","0.11339735","0.0","GIP2","2","2","19","0.057","0.16958","0.206","6.2032E-4","0.247","0.0043603","false","false","YER054C","4.5","2","0","0","0.71042413","false","0","YER054C","11544","0.58333333"
"80908","9.64516129","0.08528144","0.10367893","0.0","GIP1","3","3","20","0.786","5.5911E-6","1.022","1.2945E-5","0.94","0.016389","false","false","YBR045C","2.33333333","3","0","0","0.67980884","false","0","YBR045C","21474","0.44444444"
"80909","2.0","0.0","0.5","0.0","NUP170","1","1","3","-0.186","2.5668E-4","-0.032","0.45723","-0.42","2.9469E-9","false","false","YBL079W","2.0","1","0","0","0.66666667","false","0","YBL079W","0","0.0"
"80910","9.11693548","0.0","0.10968598","0.0","YLR345W","1","1","19","0.108","0.012373","0.234","7.892E-5","0.116","0.073789","false","false","YLR345W","2.0","1","0","0","0.69937276","false","0","YLR345W","0","0.0"
"80911","9.14919355","0.0","0.10929925","0.0","RPL34B","1","1","19","-0.258","3.7855E-5","-0.451","3.4652E-7","-0.025","0.66627","false","false","YIL052C","8.0","1","0","0","0.69817802","false","0","YIL052C","0","0.0"
"80912","9.14919355","0.0","0.10929925","0.0","","1","1","19",,,,,,,"false","false","YER056CA","8.0","1","0","0","0.69817802","false","0","YER056CA","0","0.0"
"80913","9.14919355","0.0","0.10929925","0.0","RPL16B","1","1","19","-0.346","2.6481E-7","-0.284","5.1994E-5","-0.124","0.026888","false","false","YNL069C","8.0","1","0","0","0.69817802","false","0","YNL069C","0","0.0"
"80914","9.14919355","0.0","0.10929925","0.0","RPL31A","1","1","19","-0.218","0.0041386","-0.451","1.5697E-6","0.056","0.38208","false","false","YDL075W","8.0","1","0","0","0.69817802","false","0","YDL075W","0","0.0"
"80915","2.0","0.0","0.5","0.0","CMK1","1","1","3","0.229","1.1443E-5","0.304","8.1743E-6","0.047","0.64057","false","false","YFR014C","3.0","1","0","0","0.66666667","false","0","YFR014C","0","0.0"
"80916","11.06854839","0.0","0.09034608","0.0","YGR136W","1","1","21","-0.167","2.4958E-4","-0.163","0.0042386","-0.204","0.0020376","false","false","YGR136W","2.0","1","0","0","0.6270908","false","0","YGR136W","0","0.0"
"80917","7.8266129","0.0","0.12776919","0.0","YDL023C","1","1","17","-0.712","4.5602E-11","0.497","1.8858E-5","-0.406","1.7119E-8","false","false","YDL023C","2.0","1","0","0","0.74716249","false","0","YDL023C","0","0.0"
"80918","1.5","0.0","0.66666667","0.0","NPL4","1","1","2","0.128","0.0078298","-0.134","0.13454","0.429","0.0016184","false","false","YBR170C","2.0","1","0","0","0.75","false","0","YBR170C","0","0.0"
"80919","1.0","1.0","1.0","0.0","SMD1","2","2","1","-0.074","0.11939","-0.133","0.08221","0.029","0.80755","false","false","YGR074W","1.0","2","0","0","1.0","false","0","YGR074W","2","0.0"
"80920","1.5","0.0","0.66666667","0.0","ARO8","1","1","2","-0.305","4.2677E-7","-0.286","4.2373E-5","-0.536","3.8938E-13","false","false","YGL202W","2.0","1","0","0","0.75","false","0","YGL202W","0","0.0"
"80921","1.0","0.0","1.0","1.0","SIK1","2","2","1","0.02","0.70174","-0.521","1.0814E-5","0.49","3.3814E-8","false","false","YLR197W","2.0","2","0","0","1.0","false","0","YLR197W","0","1.0"
"80922","1.33333333","0.66666667","0.75","0.0","ASM4","2","2","2","0.069","0.091906","-0.074","0.32752","0.124","0.081403","false","false","YDL088C","1.5","2","0","0","0.88888889","false","0","YDL088C","4","0.5"
"80923","1.5","0.0","0.66666667","0.0","YOR215C","1","1","2","0.151","7.0779E-4","0.137","0.010881","0.335","1.273E-4","false","false","YOR215C","2.0","1","0","0","0.75","false","0","YOR215C","0","0.0"
"80924","9.7983871","0.0","0.10205761","0.0","RPA135","1","1","18","-0.129","0.0032078","-0.394","5.8663E-5","-0.359","0.0061199","false","false","YPR010C","3.0","1","0","0","0.67413381","false","0","YPR010C","0","0.0"
"80925","8.80241935","0.01609638","0.11360513","0.0","SPC24","3","3","17","0.093","0.41398","0.371","5.0622E-5","-0.296","0.35411","false","false","YMR117C","2.0","3","0","0","0.71102151","false","0","YMR117C","1234","0.33333333"
"80926","12.3266129","0.0","0.08112529","0.0","YML114C","1","1","24","0.226","4.5247E-4","-0.145","0.12134","0.385","0.0058304","false","false","YML114C","2.0","1","0","0","0.58049582","false","0","YML114C","0","0.0"
"80927","7.78225806","0.0","0.12849741","0.0","NCE103","1","1","18","0.998","4.2628E-11","0.506","1.601E-8","0.686","3.3349E-7","false","false","YNL036W","5.0","1","0","0","0.74880526","false","0","YNL036W","0","0.0"
"80928","6.71774194","0.13650914","0.14885954","0.0","STE4","2","2","14","-0.189","4.187E-5","-0.256","0.0010135","-0.158","0.023184","false","false","YOR212W","6.5","2","0","0","0.78823178","false","0","YOR212W","14000","0.5"
"80929","10.4516129","0.0","0.09567901","0.0","YDR070C","1","1","20","-0.915","4.6513E-11","0.671","1.488E-4","-0.089","0.1936","false","false","YDR070C","5.0","1","0","0","0.64994026","false","0","YDR070C","0","0.0"
"80930","8.46774194","0.0","0.11809524","0.0","YNL164C","1","1","19","0.272","7.3947E-4","-0.949","3.8499E-5","1.345","5.7872E-6","false","false","YNL164C","3.0","1","0","0","0.72341697","false","0","YNL164C","0","0.0"
"80931","9.75806452","0.0","0.10247934","0.0","YGR046W","1","1","18","0.158","0.0020954","0.177","5.1497E-4","0.124","0.10073","false","false","YGR046W","2.0","1","0","0","0.67562724","false","0","YGR046W","0","0.0"
"80932","9.56854839","0.0","0.10450906","0.0","ACS2","1","1","21","-0.042","0.24703","-0.014","0.78003","-0.172","0.011567","false","false","YLR153C","5.0","1","0","0","0.68264636","false","0","YLR153C","0","0.0"
"80933","10.51612903","0.0","0.09509202","0.0","MAM33","1","1","19","0.033","0.68369","0.146","0.0033116","-0.339","9.0003E-6","false","false","YIL070C","2.0","1","0","0","0.64755078","false","0","YIL070C","0","0.0"
"80934","6.83870968","0.0","0.14622642","0.0","PIS1","1","1","16","-0.495","1.0456E-9","0.025","0.54593","-0.89","5.6202E-18","false","false","YPR113W","18.0","1","0","0","0.78375149","false","0","YPR113W","0","0.0"
"80935","2.0","0.0","0.5","0.0","SER3","1","1","3","-0.568","2.5284E-10","-0.423","3.0368E-5","0.109","0.094304","false","false","YER081W","2.0","1","0","0","0.66666667","false","0","YER081W","0","0.0"
"80936","9.52822581","0.0","0.10495133","0.0","CTT1","1","1","18","-0.91","1.6823E-10","0.596","1.9828E-4","-0.394","3.0726E-6","false","false","YGR088W","4.0","1","0","0","0.68413978","false","0","YGR088W","0","0.0"
"80937","8.15322581","0.05570067","0.12265084","0.0","SXM1","8","8","18","-0.119","0.021972","0.086","0.5176","-0.214","0.40913","false","false","YDR395W","1.5","8","0","0","0.73506571","false","0","YDR395W","16272","0.25"
"80938","9.14112903","0.00401593","0.10939568","0.0","RPL11B","2","2","19","-0.188","2.639E-4","-0.425","7.4028E-7","-0.084","0.1613","false","false","YGR085C","5.0","2","0","0","0.6984767","false","0","YGR085C","2038","0.57142857"
"80939","7.85887097","0.0","0.12724474","0.0","YER124C","1","1","16","0.179","1.8529E-4","0.126","0.014038","-0.022","0.76846","false","false","YER124C","9.0","1","0","0","0.74596774","false","0","YER124C","0","0.0"
"80940","10.96370968","0.0","0.09121","0.0","MPT1","1","1","23","0.218","5.0658E-5","-0.419","1.2336E-4","0.571","9.5685E-5","false","false","YMR005W","3.0","1","0","0","0.63097372","false","0","YMR005W","0","0.0"
"80941","9.96774194","0.12179569","0.10032362","0.0","PRP9","3","3","22","0.244","2.7658E-4","-0.119","0.25629","0.339","0.011822","false","false","YDL030W","2.33333333","3","0","0","0.66786141","false","0","YDL030W","55180","0.33333333"
"80942","1.5","0.66666667","0.66666667","0.0","YER079W","2","2","2","-0.174","4.1949E-4","-0.267","4.6903E-5","-0.046","0.40867","false","false","YER079W","2.0","2","0","0","0.875","false","0","YER079W","8","0.5"
"80943","9.36290323","0.04770145","0.10680448","0.0","GDH2","3","3","21","0.485","9.0717E-9","0.242","0.21914","0.0","0.999999","false","false","YDL215C","2.66666667","3","0","0","0.69026284","false","0","YDL215C","15318","0.33333333"
"80944","10.56048387","0.07770667","0.09469263","0.0","PIG2","2","2","21","-0.078","0.056656","0.478","8.8839E-7","-0.134","0.072301","false","false","YIL045W","3.0","2","0","0","0.645908","false","0","YIL045W","19520","0.5"
"80945","10.31854839","0.0","0.09691286","1.0","TIF5","2","2","19","-0.059","0.11203","-0.243","0.0061997","-0.177","0.011738","false","false","YPR041W","3.0","2","0","0","0.65486858","false","0","YPR041W","0","0.75"
"80946","7.63306452","0.0","0.13100898","0.0","GCY1","1","1","16","0.194","9.0303E-5","-0.349","1.8298E-5","0.576","6.3927E-9","false","false","YOR120W","10.0","1","0","0","0.75433094","false","0","YOR120W","0","0.0"
"80947","1.33333333","0.66666667","0.75","0.0","SER33","2","2","2","-0.444","4.9389E-9","-0.565","2.6626E-5","0.393","0.022682","false","false","YIL074C","1.5","2","0","0","0.88888889","false","0","YIL074C","4","0.5"
"80948","7.8266129","0.0","0.12776919","0.0","BFR2","1","1","17","0.518","1.6082E-7","-0.287","0.20033","0.883","1.0236E-4","false","false","YDR299W","2.0","1","0","0","0.74716249","false","0","YDR299W","0","0.0"
"80949","7.85080645","0.00806452","0.12737545","0.0","GPA1","2","2","16","-0.02","0.64417","-0.413","5.0285E-5","0.33","0.0031233","false","false","YHR005C","5.0","2","0","0","0.74626643","false","0","YHR005C","618","0.5"
"80950","8.84677419","0.0","0.11303555","0.0","SST2","1","1","17","-0.507","2.4276E-7","-0.393","6.6966E-6","-0.269","0.014595","false","false","YLR452C","2.0","1","0","0","0.70937873","false","0","YLR452C","0","0.0"
"80951","13.40322581","0.03186627","0.0746089","0.0","GFD1","2","2","24","0.211","2.2142E-4","-0.159","0.11742","0.397","0.0029074","false","false","YMR255W","2.5","2","0","0","0.54062127","false","0","YMR255W","7856","0.5"
"80952","12.43951613","0.03966958","0.08038898","0.0","CHK1","2","2","23","-0.045","0.35655","0.135","0.0049782","-0.052","0.55148","false","false","YBR274W","2.5","2","0","0","0.57631422","false","0","YBR274W","9810","0.5"
"80953","6.8266129","3.265E-5","0.14648553","0.5","STE12","4","4","16","-0.109","0.014623","-0.541","6.6062E-6","0.057","0.65365","false","false","YHR084W","6.75","4","0","0","0.78419952","false","0","YHR084W","6","0.375"
"80954","8.95564516","0.0932363","0.11166141","0.0","SEC17","2","2","18","-0.066","0.11213","-0.044","0.48722","0.106","0.23706","false","false","YBL050W","5.5","2","0","0","0.70534648","false","0","YBL050W","10384","0.5"
"80955","13.09274194","8.16E-6","0.0763782","0.0","LSM2","2","2","26","-0.032","0.48423","-0.158","0.019199","-0.064","0.59933","false","false","YBL026W","4.0","2","0","0","0.55212067","false","0","YBL026W","2","1.0"
"80956","6.83064516","0.00806452","0.14639906","0.0","CDC6","2","2","16","0.018","0.83635","-0.661","4.5029E-5","0.525","0.050004","false","false","YJL194W","9.5","2","0","0","0.78405018","false","0","YJL194W","1032","0.5"
"80957","11.48387097","0.07081755","0.08707865","0.0","GSY2","3","3","22","-0.405","4.4171E-9","0.4","1.8329E-6","-0.487","5.8675E-12","false","false","YLR258W","2.0","3","0","0","0.61170848","false","0","YLR258W","17622","0.33333333"
"80958","12.46370968","0.01606373","0.08023293","0.0","PCL10","2","2","23","0.138","0.0020577","-0.548","3.6977E-7","0.839","3.7595E-7","false","false","YGL134W","2.5","2","0","0","0.57541816","false","0","YGL134W","3936","0.5"
"80959","10.65725806","0.00799922","0.09383277","0.0","CUP1B","2","2","21","-0.867","2.8813E-6","-0.416","0.026753","0.802","1.9696E-12","false","false","YHR055C","4.0","2","0","0","0.64232378","false","0","YHR055C","2004","0.6"
"80960","10.65725806","0.00799922","0.09383277","0.0","CUP1A","2","2","21","-0.656","1.6731E-4","-0.75","8.4638E-4","0.795","1.5187E-10","false","false","YHR053C","4.0","2","0","0","0.64232378","false","0","YHR053C","2004","0.6"
"80961","1.5","0.0","0.66666667","0.0","CTR1","1","1","2","0.76","8.4218E-11","0.469","2.4189E-8","-0.462","8.3821E-6","false","false","YPR124W","2.0","1","0","0","0.75","false","0","YPR124W","0","0.0"
"80962","11.80645161","0.00806452","0.08469945","0.0","FPR1","2","2","22","-0.071","0.047943","0.08","0.068027","-0.169","0.0016167","false","false","YNL135C","2.0","2","0","0","0.59976105","false","0","YNL135C","978","0.5"
"80963","12.80241935","0.0","0.07811024","0.0","HOM3","1","1","23","-0.47","4.7628E-9","-1.321","1.9577E-9","0.579","1.3742E-5","false","false","YER052C","2.0","1","0","0","0.56287336","false","0","YER052C","0","0.0"
"80964","12.16935484","0.0","0.08217362","0.0","ECI1","1","1","23","0.195","0.0052304","-0.148","0.21531","0.716","3.9241E-4","false","false","YLR284C","4.0","1","0","0","0.58632019","false","0","YLR284C","0","0.0"
"80965","12.16935484","0.0","0.08217362","0.0","YHR198C","1","1","23","-0.053","0.20226","0.401","1.9253E-7","-0.379","5.4324E-8","false","false","YHR198C","4.0","1","0","0","0.58632019","false","0","YHR198C","0","0.0"
"80966","7.55241935","0.13656267","0.1324079","0.0","HSP82","3","3","16","0.222","1.8582E-5","-0.201","0.0024157","-0.661","6.7688E-11","false","false","YPL240C","5.66666667","3","0","0","0.7573178","false","0","YPL240C","14116","0.35897436"
"80967","9.14112903","0.00401593","0.10939568","0.0","RPL11A","2","2","19","-0.177","3.7183E-4","-0.38","1.7424E-6","-0.058","0.26052","false","false","YPR102C","5.0","2","0","0","0.6984767","false","0","YPR102C","2038","0.57142857"
"80968","10.12903226","1.632E-5","0.09872611","0.0","RPL10","2","2","20","-0.169","1.7255E-4","-0.2","4.2857E-4","-0.002","0.9794","false","false","YLR075W","2.0","2","0","0","0.66188769","false","0","YLR075W","2","1.0"
"80969","9.00403226","0.0","0.11106135","0.0","YKL161C","1","1","16","-0.198","7.5801E-4","-0.319","0.022048","0.202","0.18731","false","false","YKL161C","2.0","1","0","0","0.70355436","false","0","YKL161C","0","0.0"
"80970","9.78225806","0.00401593","0.10222589","0.0","RFA1","2","2","18","0.2","0.0081844","-0.007","0.91522","-0.302","0.0060792","false","false","YAR007C","2.5","2","0","0","0.67473118","false","0","YAR007C","1030","0.75"
"80971","2.33333333","0.0","0.42857143","0.0","POT1","1","1","3","1.044","1.071E-6","0.674","3.103E-8","0.92","6.0801E-7","false","false","YIL160C","3.0","1","0","0","0.55555556","false","0","YIL160C","0","0.0"
"80972","2.0","0.0","0.5","0.0","MDH3","1","1","3","0.217","4.0255E-5","0.102","0.038943","-0.08","0.16505","false","false","YDL078C","5.0","1","0","0","0.66666667","false","0","YDL078C","0","0.0"
"80973","1.5","0.33333333","0.66666667","0.33333333","PEX7","3","3","2","-0.101","0.016464","0.112","0.16704","-0.069","0.401","false","false","YDR142C","3.33333333","3","0","0","0.83333333","false","0","YDR142C","14","0.6"
"80974","1.16666667","0.5","0.85714286","0.3","PEX5","5","5","2","0.369","2.7503E-6","-0.021","0.73489","0.483","4.3149E-4","false","false","YDR244W","2.4","5","0","0","0.94444444","false","0","YDR244W","20","0.44"
"80975","10.34274194","0.01606373","0.09668616","0.0","YLR432W","2","2","22","-0.197","6.6826E-5","-0.054","0.36112","-0.301","4.8207E-5","false","false","YLR432W","2.5","2","0","0","0.65397252","false","0","YLR432W","5116","0.5"
"80976","11.33064516","0.00806452","0.08825623","0.0","TAF25","2","2","23","0.246","2.1837E-4","-0.219","0.0039024","0.355","0.01484","false","false","YDR167W","1.5","2","0","0","0.61738351","false","0","YDR167W","2560","0.5"
"80977","8.91129032","0.0","0.11221719","0.0","CBF5","1","1","19","0.038","0.47804","-0.597","5.549E-5","0.498","1.4113E-7","false","false","YLR175W","2.0","1","0","0","0.70698925","false","0","YLR175W","0","0.0"
"80978","7.67741935","0.0","0.1302521","0.0","MLS1","1","1","16","0.973","1.92E-11","0.452","9.0335E-5","0.941","1.2597E-5","false","false","YNL117W","4.0","1","0","0","0.75268817","false","0","YNL117W","0","0.0"
"80979","10.22580645","0.0","0.0977918","0.0","VPS21","1","1","19","0.193","1.1748E-4","-0.042","0.32501","0.378","8.2229E-6","false","false","YOR089C","2.0","1","0","0","0.65830346","false","0","YOR089C","0","0.0"
"80980","8.91129032","0.0","0.11221719","0.0","MET16","1","1","19","-0.066","0.17278","-1.034","1.3067E-6","0.708","5.3086E-4","false","false","YPR167C","2.0","1","0","0","0.70698925","false","0","YPR167C","0","0.0"
"80981","1.83333333","0.0","0.54545455","1.0","PEX17","2","2","3","0.122","0.166","0.041","0.64313","0.199","0.11918","false","false","YNL214W","4.5","2","0","0","0.72222222","false","0","YNL214W","0","0.9"
"80982","7.64919355","0.05196364","0.13073274","0.0","CKS1","2","2","17","0.108","0.0084321","-0.018","0.6558","0.057","0.34065","false","false","YBR135W","2.5","2","0","0","0.75373357","false","0","YBR135W","6576","0.5"
"80983","2.0","0.0","0.5","0.0","YAP1","1","1","3","0.359","9.2417E-8","-0.039","0.42858","0.331","0.0024709","false","false","YML007W","2.0","1","0","0","0.66666667","false","0","YML007W","0","0.0"
"80984","1.33333333","0.66666667","0.75","0.0","KAP123","2","2","2","0.05","0.26052","-0.233","2.9645E-4","0.43","3.6344E-7","false","false","YER110C","1.5","2","0","0","0.88888889","false","0","YER110C","4","0.5"
"80985","1.33333333","0.16666667","0.75","0.5","PEX14","4","4","2","0.242","1.2953E-4","-0.132","0.077941","0.627","0.0023167","false","false","YGL153W","3.0","4","0","0","0.88888889","false","0","YGL153W","10","0.5"
"80986","1.83333333","0.0","0.54545455","1.0","PEX13","2","2","3","0.178","7.6925E-4","-0.056","0.58305","0.222","0.097987","false","false","YLR191W","4.5","2","0","0","0.72222222","false","0","YLR191W","0","0.9"
"80987","13.09274194","8.16E-6","0.0763782","0.0","DCP1","2","2","26","0.228","9.0847E-5","-0.248","0.0015911","0.254","0.059331","false","false","YOL149W","4.0","2","0","0","0.55212067","false","0","YOL149W","2","1.0"
"80988","9.56854839","0.0","0.10450906","0.0","YMR044W","1","1","21","0.255","4.4526E-5","-0.093","0.15055","0.357","8.8242E-4","false","false","YMR044W","5.0","1","0","0","0.68264636","false","0","YMR044W","0","0.0"
"80989","10.4516129","0.0","0.09567901","0.0","PRE10","1","1","20","0.036","0.31634","-0.043","0.2984","0.225","0.0013356","false","false","YOR362C","5.0","1","0","0","0.64994026","false","0","YOR362C","0","0.0"
"80990","8.55645161","0.04463374","0.11687088","0.0","RPS8B","2","2","18","-0.249","3.2712E-5","-0.364","3.6609E-6","-0.135","0.017595","false","false","YER102W","3.5","2","0","0","0.72013142","false","0","YER102W","5590","0.5"
"80991","10.4516129","0.0","0.09567901","0.0","GPD2","1","1","20","-0.499","3.3837E-8","-0.29","2.3802E-5","-0.591","1.5256E-9","false","false","YOL059W","5.0","1","0","0","0.64994026","false","0","YOL059W","0","0.0"
"80992","9.11693548","0.0","0.10968598","0.0","YBR190W","1","1","19","-0.209","4.514E-5","-0.3","3.8823E-4","0.07","0.66515","false","false","YBR190W","2.0","1","0","0","0.69937276","false","0","YBR190W","0","0.0"
"80993","10.65725806","0.01606373","0.09383277","0.0","SSA4","2","2","21","-0.405","1.2362E-4","0.176","0.013281","-0.826","8.3702E-13","false","false","YER103W","3.5","2","0","0","0.64232378","false","0","YER103W","2016","0.5"
"80994","1.0","0.0","1.0","0.0","RPC40","1","1","1","-0.12","0.0019607","-0.339","1.2743E-5","-0.026","0.70564","false","false","YPR110C","1.0","1","0","0","1.0","false","0","YPR110C","0","0.0"
"80995","1.0","0.0","1.0","0.0","RPC19","1","1","1","0.304","1.0276E-5","-0.979","4.8347E-7","0.789","0.0028937","false","false","YNL113W","1.0","1","0","0","1.0","false","0","YNL113W","0","0.0"
"80996","8.61693548","0.0","0.11605054","0.0","TRP4","1","1","19","-0.122","0.0090277","-0.202","0.0028196","-0.253","0.0012089","false","false","YDR354W","7.0","1","0","0","0.71789128","false","0","YDR354W","0","0.0"
"80997","1.0","0.0","1.0","0.0","TRP2","1","1","1","-0.067","0.079619","-0.38","1.9673E-5","0.231","0.0015768","false","false","YER090W","1.0","1","0","0","1.0","false","0","YER090W","0","0.0"
"80998","1.0","0.0","1.0","0.0","TRP3","1","1","1","-0.183","1.6589E-4","-0.6","4.2736E-7","0.358","1.5264E-4","false","false","YKL211C","1.0","1","0","0","1.0","false","0","YKL211C","0","0.0"
"80999","5.90322581","0.3090621","0.16939891","0.0","SWI5","2","2","14","-0.19","0.0018541","0.102","0.1065","-0.027","0.76249","false","false","YDR146C","14.5","2","0","0","0.81839904","false","0","YDR146C","66656","0.5"
"81000","6.59677419","0.0323843","0.15158924","0.0","SWI4","2","2","15","0.195","5.6134E-4","-0.105","0.33211","0.16","0.15558","false","false","YER111C","11.0","2","0","0","0.79271207","false","0","YER111C","3188","0.5"
"81001","1.5","0.0","0.66666667","0.0","CKB2","1","1","2","-0.006","0.87354","-0.058","0.20402","-0.006","0.92034","false","false","YOR039W","2.0","1","0","0","0.75","false","0","YOR039W","0","0.0"
"81002","7.28629032","0.0","0.13724405","0.0","RPS17A","1","1","17","-0.551","6.9725E-11","-0.454","1.5459E-6","-0.864","1.3115E-12","false","false","YML024W","17.0","1","0","0","0.76717443","false","0","YML024W","0","0.0"
"81003","8.00806452","0.00806452","0.12487412","0.0","YIL113W","2","2","15","-0.236","0.002113","0.211","0.002831","-0.137","0.23739","false","false","YIL113W","2.5","2","0","0","0.74044205","false","0","YIL113W","746","0.5"
"81004","9.00403226","0.0","0.11106135","0.0","KNS1","1","1","16","0.258","1.3809E-5","0.215","6.085E-5","0.295","9.3514E-5","false","false","YLL019C","2.0","1","0","0","0.70355436","false","0","YLL019C","0","0.0"
"81005","6.84274194","0.00214797","0.14614025","0.0","GAL3","2","2","15","-0.111","0.01257","-1.004","6.9834E-8","0.162","0.16498","false","false","YDR009W","7.0","2","0","0","0.78360215","false","0","YDR009W","816","0.6"
"81006","7.62096774","1.5998E-4","0.13121693","0.33333333","GAL80","4","4","16","-0.07","0.080275","-0.606","4.3863E-8","-1.167","8.1952E-17","false","false","YML051W","5.33333333","4","0","1","0.75477897","false","0","YML051W","26","0.5"
"81007","14.44758065","0.0","0.06921574","0.0","PCL5","1","1","25","-0.614","5.0065E-11","-0.67","4.2811E-6","-0.499","6.8054E-8","false","false","YHR071W","2.0","1","0","0","0.50194146","false","0","YHR071W","0","0.0"
"81008","13.4516129","0.00806452","0.07434053","0.0","PHO85","2","2","24","-0.106","0.012838","0.125","0.0056375","-0.139","0.019984","false","false","YPL031C","1.5","2","0","0","0.53882915","false","0","YPL031C","1970","0.5"
"81009","9.25403226","0.0","0.108061","0.0","PHO84","1","1","19","0.283","0.0015163","-0.114","0.019412","0.692","6.9606E-7","false","false","YML123C","2.0","1","0","0","0.6942951","false","0","YML123C","0","0.0"
"81010","1.0","0.0","1.0","0.0","FTR1","1","1","1","0.647","6.6247E-9","-0.78","6.332E-5","0.868","5.9656E-7","false","false","YER145C","1.0","1","0","0","1.0","false","0","YER145C","0","0.0"
"81011","1.0","0.0","1.0","0.0","FET3","1","1","1","0.449","3.6962E-8","-0.293","4.7738E-4","0.64","1.6005E-8","false","false","YMR058W","1.0","1","0","0","1.0","false","0","YMR058W","0","0.0"
"81012","1.0","0.0","1.0","0.0","RPS22A","1","1","1","-0.444","1.0479E-5","-0.443","1.8121E-6","-0.184","0.0020712","false","false","YJL190C","1.0","1","0","0","1.0","false","0","YJL190C","0","0.0"
"81013","1.0","0.0","1.0","0.0","NPI46","1","1","1","0.118","0.02495","-0.38","5.2953E-5","0.389","3.3233E-5","false","false","YML074C","1.0","1","0","0","1.0","false","0","YML074C","0","0.0"
"81014","8.06854839","0.03283069","0.12393803","0.0","GDS1","2","2","19","-0.176","1.6613E-4","-0.044","0.45777","0.43","0.0062666","false","false","YOR355W","3.0","2","0","0","0.73820191","false","0","YOR355W","4248","0.5"
"81015","9.23790323","0.0","0.10824967","0.0","YPT1","1","1","18","0.075","0.056883","-0.033","0.44841","0.12","0.073548","false","false","YFL038C","6.0","1","0","0","0.69489247","false","0","YFL038C","0","0.0"
"81016","6.78629032","0.01410579","0.14735591","0.0","SUC2","2","2","15","-0.318","4.1442E-7","0.688","1.7862E-9","-1.131","1.7403E-20","false","false","YIL162W","6.5","2","0","0","0.78569295","false","0","YIL162W","2426","0.5"
"81017","8.91532258","0.0","0.11216644","0.0","REG2","1","1","19","0.432","6.914E-8","0.679","2.9767E-8","0.122","0.28411","false","false","YBR050C","6.0","1","0","0","0.7068399","false","0","YBR050C","0","0.0"
"81018","8.91532258","0.0","0.11216644","0.0","GLC8","1","1","19","0.214","0.0015202","0.021","0.64469","0.349","6.5604E-6","false","false","YMR311C","6.0","1","0","0","0.7068399","false","0","YMR311C","0","0.0"
"81019","8.91532258","0.0","0.11216644","0.0","YOR315W","1","1","19","0.066","0.13594","-0.462","4.7159E-6","-0.063","0.50938","false","false","YOR315W","6.0","1","0","0","0.7068399","false","0","YOR315W","0","0.0"
"81020","8.74596774","0.11450307","0.1143384","0.0","GAC1","3","3","19","-0.137","0.0010176","0.462","1.5883E-6","-0.187","0.0036854","false","false","YOR178C","4.66666667","3","0","0","0.71311231","false","0","YOR178C","22434","0.36666667"
"81021","7.91935484","0.19096905","0.12627291","0.0","GLC7","6","6","18","0.051","0.20733","-0.085","0.063996","-0.051","0.36616","false","false","YER133W","2.5","6","0","0","0.7437276","false","0","YER133W","38412","0.1875"
"81022","1.0","0.0","1.0","0.0","SNF2","1","1","1","-0.119","0.0030289","-0.101","0.029664","-0.577","3.6284E-13","false","false","YOR290C","1.0","1","0","0","1.0","false","0","YOR290C","0","0.0"
"81023","1.0","0.0","1.0","0.0","RSC8","1","1","1","0.297","1.5078E-6","-0.226","0.013849","0.35","0.0035541","false","false","YFR037C","1.0","1","0","0","1.0","false","0","YFR037C","0","0.0"
"81024","8.25806452","0.00806452","0.12109375","0.0","PHO4","2","2","18","0.121","0.099513","-0.336","6.9671E-4","0.348","0.020802","false","false","YFR034C","1.5","2","0","0","0.7311828","false","0","YFR034C","1048","0.5"
"81025","6.62903226","0.0","0.15085158","1.0","CLN3","2","2","15","-0.027","0.66515","-0.206","0.0017369","0.303","0.0010074","false","false","YAL040C","11.0","2","0","0","0.79151732","false","0","YAL040C","0","0.55"
"81026","1.5","0.0","0.66666667","0.0","YPL222W","1","1","2","0.344","6.9654E-7","0.284","1.3673E-4","0.514","4.6216E-5","false","false","YPL222W","2.0","1","0","0","0.75","false","0","YPL222W","0","0.0"
"81027","1.0","1.0","1.0","0.0","UFD1","2","2","1","0.017","0.696","-0.155","0.028001","0.364","0.0043651","false","false","YGR048W","1.0","2","0","0","1.0","false","0","YGR048W","2","0.0"
"81028","1.5","0.0","0.66666667","0.0","YMR291W","1","1","2","-0.363","7.9783E-8","0.256","0.012617","-0.397","5.3037E-9","false","false","YMR291W","2.0","1","0","0","0.75","false","0","YMR291W","0","0.0"
"81029","9.65322581","0.09214253","0.10359231","0.0","SEC9","5","5","19","0.236","2.9579E-5","-0.185","0.017416","0.302","4.4067E-4","false","false","YGR009C","1.8","5","0","0","0.67951016","false","0","YGR009C","10322","0.26666667"
"81030","10.64919355","0.0","0.09390382","0.0","SSO2","1","1","20","-0.822","2.1741E-11","0.256","0.0021146","-0.825","1.0306E-16","false","false","YMR183C","5.0","1","0","0","0.64262246","false","0","YMR183C","0","0.0"
"81031","9.23387097","0.0","0.10829694","1.0","YDR100W","2","2","18","-0.007","0.86711","0.275","1.3164E-5","-0.415","5.7948E-10","false","false","YDR100W","4.0","2","0","0","0.69504182","false","0","YDR100W","0","0.66666667"
"81032","9.23387097","0.0","0.10829694","1.0","YGL161C","2","2","18","-0.07","0.053915","0.172","8.9167E-4","-0.164","0.0065587","false","false","YGL161C","4.0","2","0","0","0.69504182","false","0","YGL161C","0","0.66666667"
"81033","1.0","0.0","1.0","0.0","RPL5","1","1","1","-0.228","1.0523E-5","-0.149","0.0049489","-0.246","1.4759E-4","false","false","YPL131W","1.0","1","0","0","1.0","false","0","YPL131W","0","0.0"
"81034","1.0","0.0","1.0","0.0","YDL063C","1","1","1","0.093","0.055312","-0.755","0.0023991","0.971","0.0013668","false","false","YDL063C","1.0","1","0","0","1.0","false","0","YDL063C","0","0.0"
"81035","7.66129032","0.00818695","0.13052632","0.0","SKO1","2","2","16","0.095","0.024036","0.1","0.079913","-0.18","0.015501","false","false","YNL167C","2.0","2","0","0","0.75328554","false","0","YNL167C","1474","0.5"
"81036","1.0","1.0","1.0","0.0","YHR115C","2","2","1","0.056","0.143","0.044","0.33678","0.138","0.079261","false","false","YHR115C","1.0","2","0","0","1.0","false","0","YHR115C","2","0.0"
"81037","1.5","0.0","0.66666667","0.0","YEL041W","1","1","2","0.211","4.7824E-4","0.393","3.204E-7","-0.265","0.035715","false","false","YEL041W","2.0","1","0","0","0.75","false","0","YEL041W","0","0.0"
"81038","1.0","0.0","1.0","0.0","YDL113C","1","1","1","0.189","9.9404E-5","0.011","0.8523","0.304","0.0063436","false","false","YDL113C","1.0","1","0","0","1.0","false","0","YDL113C","0","0.0"
"81039","1.0","0.0","1.0","0.0","SNX4","1","1","1","0.195","1.3457E-4","-0.051","0.36812","0.376","9.7735E-4","false","false","YJL036W","1.0","1","0","0","1.0","false","0","YJL036W","0","0.0"
"81040","1.25","0.83333333","0.8","0.0","CMD1","3","3","2","-0.089","0.024989","0.074","0.13694","-0.163","0.0092082","false","false","YBR109C","1.33333333","3","0","0","0.91666667","false","0","YBR109C","10","0.33333333"
"81041","2.0","0.0","0.5","0.0","CMK2","1","1","3","-0.365","6.846E-7","-0.108","0.024371","-0.138","0.027128","false","false","YOL016C","3.0","1","0","0","0.66666667","false","0","YOL016C","0","0.0"
"81042","2.0","0.0","0.5","0.0","MET14","1","1","3","-0.152","0.0020562","-0.474","2.7503E-6","0.683","2.7054E-7","false","false","YKL001C","2.0","1","0","0","0.66666667","false","0","YKL001C","0","0.0"
"81043","1.33333333","0.66666667","0.75","0.0","YNL311C","2","2","2","-0.055","0.3444","-0.388","0.0089606","-0.169","0.12031","false","false","YNL311C","1.5","2","0","0","0.88888889","false","0","YNL311C","4","0.5"
"81044","7.09274194","0.07052718","0.1409892","0.0","BUD6","2","2","16","0.071","0.18355","-0.201","0.0039398","0.21","0.072655","false","false","YLR319C","5.5","2","0","0","0.77434289","false","0","YLR319C","6196","0.5"
"81045","8.81854839","0.0","0.11339735","0.0","FCY1","1","1","17","-0.07","0.066907","-0.145","0.006637","-0.071","0.26496","false","false","YPR062W","5.0","1","0","0","0.71042413","false","0","YPR062W","0","0.0"
"81046","8.79435484","0.02401397","0.11370931","0.0","CAR1","3","3","17","0.186","7.2553E-4","-0.26","1.8582E-4","0.957","5.2368E-11","false","false","YPL111W","3.0","3","0","0","0.71132019","false","0","YPL111W","4114","0.4"
"81047","8.81854839","0.0","0.11339735","0.0","PHO13","1","1","17","-0.223","2.9509E-4","-0.311","5.3874E-5","-0.258","8.095E-4","false","false","YDL236W","5.0","1","0","0","0.71042413","false","0","YDL236W","0","0.0"
"81048","7.82258065","0.05593286","0.12783505","0.0","SRP1","5","5","16","0.082","0.045195","0.014","0.79134","-0.573","1.4096E-8","false","false","YNL189W","1.8","5","0","0","0.74731183","false","0","YNL189W","9016","0.2"
"81049","7.8266129","0.0","0.12776919","0.0","AST1","1","1","17","-0.272","1.9402E-6","-0.487","7.0045E-6","-0.026","0.87354","false","false","YBL069W","2.0","1","0","0","0.74716249","false","0","YBL069W","0","0.0"
"81050","9.67741935","0.06332441","0.10333333","0.0","HSF1","5","5","20","0.104","0.034847","-0.084","0.42981","0.543","6.2254E-4","false","false","YGL073W","2.0","5","0","0","0.6786141","false","0","YGL073W","9976","0.25"
"81051","10.6733871","0.0","0.09369097","0.0","HSP26","1","1","21","-1.232","1.3135E-6","0.895","2.3868E-5","-0.447","3.3493E-11","false","false","YBR072W","5.0","1","0","0","0.6417264","false","0","YBR072W","0","0.0"
"81052","8.12096774","0.00806452","0.12313803","0.0","SFH1","2","2","18","0.252","2.6832E-5","-0.352","5.2576E-4","0.427","0.0047054","false","false","YLR321C","4.0","2","0","0","0.73626045","false","0","YLR321C","1032","0.5"
"81053","8.41532258","0.07083561","0.11883086","0.0","TAH18","3","3","20","0.113","0.12893","-0.191","0.54556","0.289","0.063048","false","false","YPR048W","2.66666667","3","0","0","0.72535842","false","0","YPR048W","19552","0.33333333"
"81054","7.87096774","0.19692135","0.12704918","0.0","GCR2","3","3","19","0.121","0.005054","-0.162","0.0077746","0.433","5.6535E-5","false","false","YNL199C","5.0","3","0","0","0.74551971","false","0","YNL199C","89866","0.33333333"
"81055","7.49193548","0.18002254","0.13347686","0.0","GCR1","7","7","18","-0.373","2.4947E-7","-0.207","0.046834","-0.53","5.2661E-6","false","false","YPL075W","2.42857143","7","0","0","0.75955795","false","0","YPL075W","90670","0.28571429"
"81056","2.0","0.0","0.5","0.0","OYE2","1","1","3","-0.565","2.6358E-8","0.078","0.098356","-0.671","3.6995E-11","false","false","YHR179W","3.0","1","0","0","0.66666667","false","0","YHR179W","0","0.0"
"81057","2.0","0.0","0.5","0.0","GLK1","1","1","3","-0.146","0.0093643","0.542","1.0508E-6","-0.221","2.0566E-4","false","false","YCL040W","3.0","1","0","0","0.66666667","false","0","YCL040W","0","0.0"
"81058","1.25","0.83333333","0.8","0.0","ACT1","3","3","2","-0.16","3.2175E-4","0.192","1.31E-4","-0.527","6.0582E-12","false","false","YFL039C","1.33333333","3","0","0","0.91666667","false","0","YFL039C","10","0.33333333"
"81059","2.25","0.0","0.44444444","0.0","RPP1B","1","1","3","-0.3","1.0483E-5","-0.123","0.01128","-0.24","2.1405E-5","false","false","YDL130W","2.0","1","0","0","0.58333333","false","0","YDL130W","0","0.0"
"81060","1.5","0.5","0.66666667","0.0","RPP2B","2","2","2","-0.218","1.427E-5","-0.058","0.18479","-0.314","1.4245E-7","false","false","YDR382W","2.0","2","0","0","0.83333333","false","0","YDR382W","6","0.5"
"81061","9.75806452","0.0","0.10247934","0.0","TOR1","1","1","18","-0.028","0.47775","0.326","2.5298E-5","0.111","0.1951","false","false","YJR066W","2.0","1","0","0","0.67562724","false","0","YJR066W","0","0.0"
"81062","2.5","0.0","0.4","0.0","YKL204W","1","1","4","0.253","6.4944E-6","-0.002","0.9794","0.16","0.091109","false","false","YKL204W","2.0","1","0","0","0.625","false","0","YKL204W","0","0.0"
"81063","1.75","0.5","0.57142857","0.0","YCK2","2","2","3","-0.013","0.76333","-0.066","0.21924","-0.438","2.3558E-7","false","false","YNL154C","1.5","2","0","0","0.8125","false","0","YNL154C","6","0.5"
"81064","8.88709677","0.02544919","0.11252269","0.0","YNL047C","2","2","18","0.14","0.0026155","-0.078","0.19124","0.029","0.7773","false","false","YNL047C","2.5","2","0","0","0.7078853","false","0","YNL047C","6152","0.5"
"81065","2.5","0.0","0.4","0.0","YNL116W","1","1","4","0.165","2.6759E-4","0.027","0.63152","0.358","2.7658E-4","false","false","YNL116W","2.0","1","0","0","0.625","false","0","YNL116W","0","0.0"
"81066","1.75","0.5","0.57142857","0.0","YCK1","2","2","3","0.082","0.037285","-0.049","0.23999","0.119","0.037227","false","false","YHR135C","1.5","2","0","0","0.8125","false","0","YHR135C","6","0.5"
"81067","11.1733871","0.05441934","0.08949838","0.0","TEM1","4","4","22","-0.218","0.37089","-0.069","0.45319","-0.0","0.999999","false","false","YML064C","1.75","4","0","0","0.62320789","false","0","YML064C","9690","0.25"
"81068","6.81048387","0.03966958","0.14683245","0.0","MUD2","2","2","15","0.002","0.96433","-0.294","2.8457E-4","0.608","3.4465E-4","false","false","YKL074C","7.0","2","0","0","0.78479689","false","0","YKL074C","5180","0.5"
"81069","1.0","0.0","1.0","0.0","RPP0","1","1","1","-0.259","4.9964E-6","-0.148","0.0063648","-0.361","2.0593E-7","false","false","YLR340W","1.0","1","0","0","1.0","false","0","YLR340W","0","0.0"
"81070","1.0","0.0","1.0","0.0","RPP1A","1","1","1","-0.429","1.705E-5","-0.094","0.048133","-0.278","5.9631E-6","false","false","YDL081C","1.0","1","0","0","1.0","false","0","YDL081C","0","0.0"
"81071","11.63709677","0.00808084","0.08593209","0.0","CUP2","3","3","22","-0.073","0.33486","0.243","0.0012181","0.147","0.032147","false","false","YGL166W","1.66666667","3","0","0","0.60603345","false","0","YGL166W","2010","0.66666667"
"81072","12.63306452","0.0","0.07915736","0.0","TPO1","1","1","23","-0.189","1.7163E-4","-0.101","0.27319","-0.24","0.0047822","false","false","YLL028W","3.0","1","0","0","0.56914576","false","0","YLL028W","0","0.0"
"81073","10.81854839","0.06016549","0.09243384","0.0","HMO1","3","3","21","-0.314","5.1646E-8","-0.083","0.10372","-0.356","3.4721E-8","false","false","YDR174W","2.66666667","3","0","0","0.63635006","false","0","YDR174W","8006","0.33333333"
"81074","10.31048387","0.05928044","0.09698866","0.0","MSN5","2","2","20","0.028","0.8595","0.189","0.071598","0.272","0.2334","false","false","YDR335W","4.0","2","0","0","0.65516726","false","0","YDR335W","7266","0.5"
"81075","1.5","0.0","0.66666667","0.0","FRE1","1","1","2","0.518","4.6835E-9","-0.279","0.0018109","0.282","0.039051","false","false","YLR214W","2.0","1","0","0","0.75","false","0","YLR214W","0","0.0"
"81076","1.0","1.0","1.0","0.0","MAC1","2","2","1","0.022","0.6115","-0.032","0.59236","0.066","0.54119","false","false","YMR021C","1.0","2","0","0","1.0","false","0","YMR021C","2","0.0"
"81077","6.75403226","0.01848502","0.1480597","0.0","FBP1","2","2","15","0.873","2.1938E-10","1.067","5.8901E-11","0.371","0.0037868","false","false","YLR377C","7.5","2","0","0","0.78688769","false","0","YLR377C","3426","0.5"
"81078","7.55645161","0.04069207","0.13233725","0.0","ICL1","2","2","16","0.65","1.8931E-10","0.591","4.8501E-9","1.147","3.4625E-8","false","false","YER065C","4.5","2","0","0","0.75716846","false","0","YER065C","4226","0.5"
"81079","6.68145161","0.05778362","0.14966807","0.0","SIP4","4","4","15","0.037","0.72688","0.169","0.55601","0.442","0.033306","false","false","YJL089W","1.75","4","0","0","0.78957587","false","0","YJL089W","7016","0.25"
"81080","7.02016129","0.03824806","0.14244687","0.0","SLT2","4","4","14","-0.227","1.349E-4","-0.24","2.7258E-4","0.21","0.0033506","false","false","YHR030C","2.0","4","0","0","0.77703106","false","0","YHR030C","3506","0.25"
"81081","8.00806452","0.00806452","0.12487412","0.0","RLM1","2","2","15","-0.06","0.14513","-0.037","0.47601","0.209","0.0026491","false","false","YPL089C","2.5","2","0","0","0.74044205","false","0","YPL089C","746","0.5"
"81082","1.5","0.0","0.66666667","0.0","SIP2","1","1","2","0.354","1.7995E-6","0.406","1.1069E-6","0.139","0.097498","false","false","YGL208W","2.0","1","0","0","0.75","false","0","YGL208W","0","0.0"
"81083","1.0","1.0","1.0","0.0","SNF4","2","2","1","-0.111","0.0058541","0.112","0.011234","-0.221","0.0027535","false","false","YGL115W","1.0","2","0","0","1.0","false","0","YGL115W","2","0.0"
"81084","11.64516129","0.00806452","0.08587258","0.0","CDC25","2","2","22","0.015","0.67137","-0.037","0.41028","-0.071","0.25519","false","false","YLR310C","1.5","2","0","0","0.60573477","false","0","YLR310C","1010","0.5"
"81085","12.64112903","0.0","0.07910686","0.0","RAS2","1","1","23","0.05","0.20515","0.062","0.23242","0.293","1.0426E-4","false","false","YNL098C","2.0","1","0","0","0.56884707","false","0","YNL098C","0","0.0"
"81086","11.33870968","0.0","0.08819346","0.0","UGA1","1","1","23","-0.163","0.0086582","0.234","0.0011998","-0.258","6.2171E-5","false","false","YGR019W","3.0","1","0","0","0.61708483","false","0","YGR019W","0","0.0"
"81087","11.33870968","0.0","0.08819346","0.0","GLN1","1","1","23","-0.197","2.3885E-5","-1.06","2.9298E-9","-0.172","0.036009","false","false","YPR035W","3.0","1","0","0","0.61708483","false","0","YPR035W","0","0.0"
"81088","10.34274194","0.01609638","0.09668616","0.0","GLN3","3","3","22","0.098","0.38375","-0.513","0.010321","0.537","0.0018683","false","false","YER040W","1.66666667","3","0","0","0.65397252","false","0","YER040W","5118","0.33333333"
"81089","6.83064516","0.00806452","0.14639906","0.0","PMA1","2","2","16","-0.352","1.0007E-5","-0.282","7.1366E-4","-0.573","1.2622E-6","false","false","YGL008C","9.5","2","0","0","0.78405018","false","0","YGL008C","1032","0.5"
"81090","8.24193548","0.13339563","0.12133072","0.06666667","PEP12","6","6","17","0.071","0.092135","0.037","0.43055","0.491","1.6313E-6","false","false","YOR036W","2.0","6","0","0","0.73178017","false","0","YOR036W","13532","0.22222222"
"81091","9.22983871","0.00806452","0.10834426","0.0","PEP7","2","2","18","0.164","0.10243","0.0","0.999999","0.052","0.69287","false","false","YDR323C","3.5","2","0","0","0.69519116","false","0","YDR323C","618","0.5"
"81092","10.08064516","1.632E-5","0.0992","0.0","PDR3","2","2","20","-0.0","0.64313","0.0","0.999999","0.0","0.999999","false","false","YBL005W","2.0","2","0","0","0.66367981","false","0","YBL005W","2","1.0"
"81093","6.78225806","0.00806452","0.14744352","0.33333333","CDC28","3","3","16","-0.016","0.7432","-0.087","0.32105","-0.405","0.026081","false","false","YBR160W","7.33333333","3","0","0","0.78584229","false","0","YBR160W","1030","0.36842105"
"81094","7.77822581","0.0","0.12856402","0.0","HSL1","1","1","17","-0.01","0.96433","0.78","1.6928E-9","0.439","0.0030233","false","false","YKL101W","3.0","1","0","0","0.7489546","false","0","YKL101W","0","0.0"
"81095","9.09274194","0.00401593","0.10997783","0.0","HXT11","2","2","19","0.298","8.1828E-6","0.462","5.1939E-5","0.105","0.28091","false","false","YOL156W","2.5","2","0","0","0.70026882","false","0","YOL156W","1028","0.75"
"81096","9.09274194","0.00401593","0.10997783","0.0","HXT9","2","2","19","0.298","5.6008E-6","0.592","1.6899E-9","-0.162","0.097946","false","false","YJL219W","2.5","2","0","0","0.70026882","false","0","YJL219W","1028","0.75"
"81097","7.3266129","0.01334058","0.13648872","0.0","SPA2","2","2","15","-0.155","3.4013E-4","0.05","0.23036","-0.036","0.62229","false","false","YLL021W","6.5","2","0","0","0.765681","false","0","YLL021W","1028","0.5"
"81098","12.5766129","0.0","0.07951266","0.0","PFK27","1","1","25","-0.646","1.9054E-8","-0.086","0.39614","-0.472","0.0081753","false","false","YOL136C","2.0","1","0","0","0.57123656","false","0","YOL136C","0","0.0"
"81099","11.58064516","0.00806452","0.08635097","0.0","PRP21","2","2","24","0.083","0.13783","-0.46","6.541E-4","0.401","0.0046881","false","false","YJL203W","2.0","2","0","0","0.60812425","false","0","YJL203W","2604","0.5"
"81100","9.09274194","0.00401593","0.10997783","0.0","AUT1","2","2","19","0.078","0.061024","0.196","3.1083E-4","0.161","0.10191","false","false","YNR007C","2.5","2","0","0","0.70026882","false","0","YNR007C","1028","0.75"
"81101","6.82258065","2.449E-5","0.1465721","0.66666667","STE2","3","3","16","-0.653","1.3644E-10","-0.396","4.1738E-6","-0.74","2.884E-14","false","false","YFL026W","9.33333333","3","0","0","0.78434886","false","0","YFL026W","6","0.49122807"
"81102","6.35483871","0.15125755","0.15736041","0.16666667","FAR1","4","4","14","-0.158","5.9763E-4","-0.803","4.7408E-8","0.972","6.3708E-7","false","false","YJL157C","6.0","4","0","0","0.80167264","false","0","YJL157C","15458","0.275"
"81103","6.82258065","2.449E-5","0.1465721","0.66666667","MFA2","3","3","16","-0.764","3.148E-11","-0.098","0.05338","-1.237","1.1916E-10","false","false","YNL145W","9.33333333","3","0","0","0.78434886","false","0","YNL145W","6","0.49122807"
"81104","6.82258065","2.449E-5","0.1465721","0.66666667","MFA1","3","3","16","-0.659","2.4721E-10","-0.147","0.011212","-0.526","5.5223E-10","false","false","YDR461W","9.33333333","3","0","0","0.78434886","false","0","YDR461W","6","0.49122807"
"81105","6.74193548","0.05930986","0.14832536","0.33333333","CLB1","3","3","16","-0.25","7.5764E-7","-0.566","2.3869E-7","0.101","0.1936","false","false","YGR108W","7.66666667","3","0","0","0.78733572","false","0","YGR108W","7562","0.36666667"
"81106","6.7016129","0.04542209","0.14921781","0.0","PCK1","2","2","16","1.289","7.092E-13","1.224","1.8547E-10","0.123","0.13819","false","false","YKR097W","11.0","2","0","0","0.78882915","false","0","YKR097W","4434","0.5"
"81107","6.83064516","0.00806452","0.14639906","0.0","HSP150","2","2","16","-0.357","6.8879E-8","0.111","0.041194","0.001","0.999999","false","false","YJL159W","9.5","2","0","0","0.78405018","false","0","YJL159W","1032","0.5"
"81108","6.8266129","0.0","0.14648553","1.0","BAR1","2","2","16","-0.622","7.0996E-11","-0.207","0.0040782","-1.117","2.9167E-11","false","false","YIL015W","12.0","2","0","0","0.78419952","false","0","YIL015W","0","0.63157895"
"81109","5.84274194","0.5264582","0.17115252","0.05882353","MCM1","18","18","15","-0.183","0.0035372","-0.654","4.2514E-6","0.457","2.4112E-4","false","false","YMR043W","2.66666667","18","0","0","0.82063919","false","0","YMR043W","86646","0.1010101"
"81110","6.78629032","0.03373819","0.14735591","0.33333333","HAP4","4","4","15","0.084","0.045375","0.295","3.1802E-6","-0.117","0.071395","false","false","YKL109W","5.0","4","0","0","0.78569295","false","0","YKL109W","6894","0.33928571"
"81111","10.08064516","1.632E-5","0.0992","0.0","APG12","2","2","20","0.088","0.143","-0.332","0.011008","0.378","0.012775","false","false","YBR217W","2.0","2","0","0","0.66367981","false","0","YBR217W","2","1.0"
"81112","8.10483871","0.02401397","0.12338308","0.0","APG7","3","3","18","-0.134","0.030789","0.251","2.257E-4","0.034","0.7782","false","false","YHR171W","3.66666667","3","0","0","0.73685783","false","0","YHR171W","4106","0.38095238"
"81113","9.09274194","0.00401593","0.10997783","0.0","APG5","2","2","19","0.033","0.47027","0.116","0.043291","0.488","1.5579E-5","false","false","YPL149W","2.5","2","0","0","0.70026882","false","0","YPL149W","1028","0.75"
"81114","9.75","0.0","0.1025641","0.0","TFA1","1","1","20","0.214","3.5042E-5","-0.146","0.025221","0.337","4.9898E-5","false","false","YKL028W","2.0","1","0","0","0.67592593","false","0","YKL028W","0","0.0"
"81115","8.75403226","0.00806452","0.11423307","0.0","TFB1","2","2","19","0.098","0.056092","-0.043","0.60829","0.332","0.0087786","false","false","YDR311W","1.5","2","0","0","0.71281362","false","0","YDR311W","612","0.5"
"81116","7.73387097","0.0","0.12930136","1.0","HAP3","2","2","16","0.073","0.18207","-0.256","0.015004","-0.108","0.497","false","false","YBL021C","4.5","2","0","0","0.75059737","false","0","YBL021C","0","0.75"
"81117","7.73387097","0.0","0.12930136","1.0","HAP2","2","2","16","0.127","0.002588","0.05","0.22211","0.059","0.35299","false","false","YGL237C","4.5","2","0","0","0.75059737","false","0","YGL237C","0","0.75"
"81118","9.52822581","0.0","0.10495133","0.0","CYC7","1","1","18","-0.319","2.8783E-6","0.377","7.3568E-7","-1.373","4.9668E-7","false","false","YEL039C","4.0","1","0","0","0.68413978","false","0","YEL039C","0","0.0"
"81119","7.56854839","0.04079818","0.13212573","0.2","CYC1","5","5","16","0.216","3.3444E-5","0.14","0.005959","-0.643","1.6071E-8","false","false","YJR048W","4.4","5","0","0","0.75672043","false","0","YJR048W","9044","0.26666667"
"81120","9.52016129","0.00806452","0.10504024","0.0","CYB2","2","2","18","0.963","3.5964E-11","0.856","1.3947E-8","-0.091","0.25421","false","false","YML054C","2.5","2","0","0","0.68443847","false","0","YML054C","1786","0.5"
"81121","8.53225806","0.03202952","0.11720227","0.0","HAP1","4","4","17","0.011","0.79725","-0.087","0.063023","0.104","0.2243","false","false","YLR256W","2.25","4","0","0","0.72102748","false","0","YLR256W","7130","0.25"
"81122","1.0","1.0","1.0","0.0","CPA1","2","2","1","-0.127","0.002137","-0.089","0.15221","0.403","1.5854E-4","false","false","YOR303W","1.0","2","0","0","1.0","false","0","YOR303W","2","0.0"
"81123","1.5","0.0","0.66666667","0.0","CPA2","1","1","2","-0.323","1.2917E-7","-0.0","0.61381","-0.745","0.030981","false","false","YJR109C","2.0","1","0","0","0.75","false","0","YJR109C","0","0.0"
"81124","10.07258065","0.00806452","0.09927942","0.0","YGR058W","2","2","20","0.045","0.44242","-0.16","0.10763","-0.065","0.6708","false","false","YGR058W","1.5","2","0","0","0.66397849","false","0","YGR058W","1032","0.5"
"81125","7.34274194","0.00806452","0.13618891","0.0","CDC42","2","2","15","-0.074","0.066961","0.089","0.031442","-0.154","0.030339","false","false","YLR229C","2.5","2","0","0","0.76508363","false","0","YLR229C","750","0.5"
"81126","8.33870968","0.0","0.11992263","0.0","GIC2","1","1","16","-0.427","1.6598E-8","-0.129","0.032663","-0.798","1.2554E-13","false","false","YDR309C","2.0","1","0","0","0.72819594","false","0","YDR309C","0","0.0"
"81127","9.08467742","0.01606373","0.11007545","0.0","YOR264W","2","2","19","0.493","1.939E-8","0.237","0.016862","0.307","0.011809","false","false","YOR264W","2.0","2","0","0","0.7005675","false","0","YOR264W","2060","0.5"
"81128","8.76209677","0.00806452","0.11412793","0.0","MSL5","2","2","17","0.015","0.74865","-0.03","0.60558","0.101","0.35769","false","false","YLR116W","2.0","2","0","0","0.71251493","false","0","YLR116W","1044","0.5"
"81129","9.78225806","0.00401593","0.10222589","0.0","RFA2","2","2","18","0.028","0.47284","-0.111","0.034589","-0.121","0.24786","false","false","YNL312W","2.5","2","0","0","0.67473118","false","0","YNL312W","1030","0.75"
"81130","10.77016129","1.632E-5","0.09284912","0.0","RAD52","2","2","19","0.199","3.3893E-4","-0.136","0.033332","0.363","0.0030735","false","false","YML032C","2.0","2","0","0","0.63814217","false","0","YML032C","2","1.0"
"81131","7.77419355","0.03199687","0.12863071","0.0","PRP40","3","3","16","0.21","4.2719E-4","-0.277","3.5398E-4","0.561","8.7173E-5","false","false","YKL012W","2.0","3","0","0","0.74910394","false","0","YKL012W","4160","0.33333333"
"81132","8.76209677","0.00806452","0.11412793","0.0","SIN4","2","2","17","-0.146","0.018347","-0.218","0.053936","-0.141","0.39009","false","false","YNL236W","2.0","2","0","0","0.71251493","false","0","YNL236W","1044","0.5"
"81133","7.47177419","0.0436549","0.13383702","0.0","YNL091W","3","3","18","0.288","1.9735E-6","0.154","0.026384","0.723","2.3704E-4","false","false","YNL091W","2.66666667","3","0","0","0.76030466","false","0","YNL091W","5154","0.33333333"
"81134","7.12096774","0.07028775","0.14043035","0.0","ATC1","2","2","17","0.04","0.4641","-0.886","9.3996E-7","0.404","0.10407","false","false","YDR184C","3.5","2","0","0","0.77329749","false","0","YDR184C","6204","0.5"
"81135","7.76612903","0.01606373","0.12876428","0.0","SSL2","2","2","18","0.124","0.019613","0.069","0.36733","0.264","0.045357","false","false","YIL143C","3.5","2","0","0","0.74940263","false","0","YIL143C","1220","0.5"
"81136","6.46370968","0.10314677","0.15470992","0.0","BAS1","3","3","16","0.466","6.1231E-6","-0.936","7.6476E-6","1.101","6.9896E-4","false","false","YKR099W","3.66666667","3","0","0","0.79764038","false","0","YKR099W","12284","0.33333333"
"81137","6.78629032","0.12134232","0.14735591","0.0","MSL1","5","5","17","-0.044","0.74397","-0.337","0.19987","-0.049","0.89526","false","false","YIR009W","2.2","5","0","0","0.78569295","false","0","YIR009W","12160","0.2"
"81138","7.62903226","0.0","0.13107822","1.0","GAL7","2","2","16","0.153","7.8855E-4","-1.995","3.6284E-11","3.126","3.9427E-17","false","false","YBR018C","7.5","2","0","0","0.75448029","false","0","YBR018C","0","0.75"
"81139","6.63709677","0.05907389","0.15066829","0.17777778","GAL4","11","11","15","0.1","0.11614","-0.758","1.264E-4","-0.211","0.088214","false","false","YPL248C","3.9","11","0","1","0.79121864","false","0","YPL248C","10716","0.19473684"
"81140","7.62903226","0.0","0.13107822","1.0","GAL2","2","2","16","0.176","2.4597E-4","-0.57","1.6652E-7","0.892","7.3429E-10","false","false","YLR081W","7.5","2","0","0","0.75448029","false","0","YLR081W","0","0.75"
"81141","6.79435484","0.00432532","0.14718101","0.5","GAL1","4","4","15","-2.426","7.0101E-9","-2.406","2.5038E-9","2.939","2.8147E-18","false","false","YBR020W","7.25","4","0","0","0.78539427","false","0","YBR020W","1638","0.42647059"
"81142","5.85483871","0.40813644","0.1707989","0.05454545","MIG1","11","11","14","0.345","1.102E-7","0.31","1.7172E-6","-0.28","0.0070533","false","false","YGL035C","3.36363636","11","0","0","0.82019116","false","0","YGL035C","92790","0.14354067"
"81143","7.61693548","9.251E-5","0.13128639","0.4","GAL11","5","5","16","0.171","0.001834","0.055","0.33923","0.111","0.30922","false","false","YOL051W","4.2","5","0","0","0.75492832","false","0","YOL051W","12","0.42"
"81144","6.7983871","0.0021545","0.14709371","0.66666667","GAL10","3","3","15","0.061","0.098603","-1.993","3.3164E-11","2.856","3.9398E-18","false","false","YBR019C","8.66666667","3","0","0","0.78524492","false","0","YBR019C","818","0.50980392"
"81145","7.91532258","0.00806452","0.12633724","0.0","CBF1","2","2","18","0.165","0.0013953","-0.306","0.0034755","0.103","0.43529","false","false","YJR060W","2.0","2","0","0","0.74387694","false","0","YJR060W","614","0.5"
"81146","7.83870968","0.0","0.12757202","1.0","STE5","2","2","16","-0.068","0.34875","-0.121","0.42858","0.023","0.92304","false","false","YDR103W","6.5","2","0","0","0.74671446","false","0","YDR103W","0","0.59090909"
"81147","6.86290323","0.22363878","0.14571093","0.02777778","STE11","9","9","15","0.144","0.023963","0.037","0.50139","0.374","0.0010869","false","false","YLR362W","2.22222222","9","0","0","0.78285544","false","0","YLR362W","21270","0.14444444"
"81148","8.81854839","0.0","0.11339735","0.0","YDR032C","1","1","17","0.113","0.026191","0.331","2.0333E-6","-0.211","7.1391E-4","false","false","YDR032C","4.0","1","0","0","0.71042413","false","0","YDR032C","0","0.0"
"81149","7.82258065","0.03196422","0.12783505","0.16666667","STE50","4","4","16","0.126","0.003766","0.02","0.71364","0.284","0.015244","false","false","YCL032W","3.75","4","0","0","0.74731183","false","0","YCL032W","2454","0.29545455"
"81150","14.08064516","0.0","0.07101947","0.0","AHP1","1","1","27","-0.603","1.4814E-9","0.466","2.5668E-4","-0.486","2.3432E-11","false","false","YLR109W","3.0","1","0","0","0.51553166","false","0","YLR109W","0","0.0"
"81151","14.08064516","0.0","0.07101947","0.0","RPL42B","1","1","27","-0.359","7.7434E-7","-0.371","2.5233E-6","-0.139","0.012998","false","false","YHR141C","3.0","1","0","0","0.51553166","false","0","YHR141C","0","0.0"
"81152","13.08467742","0.01609638","0.07642527","0.0","CIN4","3","3","26","0.414","0.037256","-0.0","0.39944","0.221","0.12805","false","false","YMR138W","1.33333333","3","0","0","0.55241935","false","0","YMR138W","5442","0.33333333"
"81153","8.61693548","0.0","0.11605054","0.0","ADE4","1","1","19","-0.514","1.522E-9","-1.296","1.4734E-8","1.202","4.7716E-11","false","false","YMR300C","7.0","1","0","0","0.71789128","false","0","YMR300C","0","0.0"
"81154","7.87096774","0.02615237","0.12704918","0.0","ARG1","2","2","17","-0.652","4.9342E-6","-0.541","4.0958E-7","-0.815","5.9432E-10","false","false","YOL058W","6.0","2","0","0","0.74551971","false","0","YOL058W","6768","0.5"
"81155","8.61693548","0.0","0.11605054","0.0","HIS7","1","1","19","-0.258","2.3151E-6","-1.252","1.6549E-7","0.898","3.3047E-5","false","false","YBR248C","7.0","1","0","0","0.71789128","false","0","YBR248C","0","0.0"
"81156","7.78225806","0.00612624","0.12849741","0.0","HIS3","2","2","17","-0.432","0.010979","-0.71","1.7979E-4","0.239","0.0054895","false","false","YOR202W","4.5","2","0","0","0.74880526","false","0","YOR202W","1810","0.5"
"81157","8.61693548","0.0","0.11605054","0.0","ILV2","1","1","19","0.04","0.27002","-0.358","9.4314E-4","0.095","0.14717","false","false","YMR108W","7.0","1","0","0","0.71789128","false","0","YMR108W","0","0.0"
"81158","7.62096774","0.06299561","0.13121693","0.0","GCN4","7","7","18","0.035","0.33125","0.032","0.41727","-0.031","0.55639","false","false","YEL009C","1.57142857","7","0","0","0.75477897","false","0","YEL009C","14390","0.14285714"
"81159","8.54032258","6.0402E-4","0.1170916","0.0","CNS1","2","2","17","0.082","0.10014","-0.479","1.5959E-5","0.519","3.7064E-4","false","false","YBR155W","2.5","2","0","0","0.72072879","false","0","YBR155W","82","0.75"
"81160","7.85080645","0.00339559","0.12737545","0.0","HSC82","2","2","16","-0.032","0.52469","-0.032","0.4995","-0.608","1.6833E-14","false","false","YMR186W","5.5","2","0","0","0.74626643","false","0","YMR186W","530","0.5625"
"81161","2.25","0.0","0.44444444","0.0","MLC1","1","1","3","-0.262","1.3141E-5","-0.327","9.2389E-6","-0.059","0.29618","false","false","YGL106W","2.0","1","0","0","0.58333333","false","0","YGL106W","0","0.0"
"81162","1.5","0.5","0.66666667","0.0","MYO2","2","2","2","0.51","5.9183E-9","0.432","8.2407E-8","0.296","1.1583E-4","false","false","YOR326W","2.0","2","0","0","0.83333333","false","0","YOR326W","6","0.5"
"81163","9.78629032","0.01979124","0.10218377","0.33333333","NIP1","3","3","19","0.009","0.82076","-0.248","2.0319E-4","-0.123","0.1009","false","false","YMR309C","2.33333333","3","0","0","0.67458184","false","0","YMR309C","5122","0.5"
"81164","9.85483871","0.01710209","0.101473","0.33333333","PRT1","3","3","18","-0.02","0.60784","-0.085","0.11638","-0.237","0.0031451","false","false","YOR361C","2.66666667","3","0","0","0.67204301","false","0","YOR361C","4108","0.46666667"
"81165","7.97983871","0.03279541","0.12531582","0.0","YIL105C","2","2","17","0.196","6.9834E-5","0.023","0.66796","0.197","0.016148","false","false","YIL105C","2.5","2","0","0","0.74148746","false","0","YIL105C","7186","0.5"
"81166","8.06854839","0.0","0.12393803","0.0","PDC5","1","1","17","-0.645","1.2585E-11","0.027","0.58514","-0.351","1.2076E-8","false","false","YLR134W","3.0","1","0","0","0.73820191","false","0","YLR134W","0","0.0"
"81167","7.07258065","0.04783067","0.14139111","0.0","DMC1","3","3","16","-0.219","1.1807E-4","0.059","0.36733","-0.167","0.13801","false","false","YER179W","2.0","3","0","0","0.77508961","false","0","YER179W","9276","0.33333333"
"81168","1.0","0.0","1.0","1.0","NOP5","2","2","1","-0.073","0.055533","-0.499","1.7322E-6","-0.157","0.041898","false","false","YOR310C","2.0","2","0","0","1.0","false","0","YOR310C","0","1.0"
"81169","1.0","0.0","1.0","1.0","NOP1","2","2","1","-0.039","0.32352","-0.176","0.012945","-0.038","0.62955","false","false","YDL014W","2.0","2","0","0","1.0","false","0","YDL014W","0","1.0"
"81170","6.48387097","0.29306517","0.15422886","0.0","CLB2","2","2","16","-0.234","3.9246E-6","-0.279","6.2635E-4","-0.342","1.6424E-5","false","false","YPR119W","12.5","2","0","0","0.79689367","false","0","YPR119W","54840","0.5"
"81171","8.12096774","0.00806452","0.12313803","0.0","SYF3","2","2","18","0.326","7.6184E-7","-0.234","0.0048407","0.712","6.8931E-6","false","false","YLR117C","4.0","2","0","0","0.73626045","false","0","YLR117C","1032","0.5"
"81172","8.10483871","0.02401397","0.12338308","0.0","PDR1","3","3","18","0.185","1.959E-4","-0.152","0.013422","0.173","0.0945","false","false","YGL013C","3.66666667","3","0","0","0.73685783","false","0","YGL013C","4106","0.38095238"
"81173","8.10483871","0.02399765","0.12338308","0.0","YCR086W","2","2","18","-0.081","0.32121","-0.397","0.080473","0.381","0.17239","false","false","YCR086W","4.5","2","0","0","0.73685783","false","0","YCR086W","3084","0.5"
"81174","7.13306452","0.30517827","0.1401922","0.0","YDR412W","7","7","17","0.067","0.27226","-0.641","1.6949E-5","0.991","2.4711E-5","false","false","YDR412W","2.85714286","7","0","0","0.77284946","false","0","YDR412W","55770","0.14285714"
"81175","1.0","0.0","1.0","0.0","YPL201C","1","1","1","2.058","6.0394E-10","1.18","8.9209E-7","0.597","0.0043411","false","false","YPL201C","1.0","1","0","0","1.0","false","0","YPL201C","0","0.0"
"81176","1.0","0.0","1.0","0.0","HOR2","1","1","1","-0.486","3.7312E-10","-0.942","1.2051E-8","0.359","5.8643E-6","false","false","YER062C","1.0","1","0","0","1.0","false","0","YER062C","0","0.0"
"81177","10.64112903","0.00401593","0.09397499","0.0","SNC2","2","2","20","0.249","6.9534E-6","-0.112","0.06928","0.559","4.4793E-5","false","false","YOR327C","3.5","2","0","0","0.64292115","false","0","YOR327C","602","0.625"
"81178","11.62903226","1.632E-5","0.08599168","0.0","DDI1","2","2","21","0.282","5.6125E-6","0.255","8.6796E-6","0.179","0.018361","false","false","YER143W","2.0","2","0","0","0.60633214","false","0","YER143W","2","1.0"
"81179","10.64112903","0.00401593","0.09397499","0.0","SNC1","2","2","20","-0.05","0.18782","0.027","0.55374","0.003","0.95396","false","false","YAL030W","3.5","2","0","0","0.64292115","false","0","YAL030W","602","0.625"
"81180","6.94354839","0.0285648","0.14401858","0.0","ADH1","2","2","17","-0.113","0.0039297","0.245","3.2186E-4","-0.322","1.3104E-5","false","false","YOL086C","12.0","2","0","0","0.77986858","false","0","YOL086C","15414","0.64705882"
"81181","6.94354839","0.0285648","0.14401858","0.0","TPI1","2","2","17","-0.584","3.6468E-10","0.053","0.48903","-0.728","8.6735E-12","false","false","YDR050C","12.0","2","0","0","0.77986858","false","0","YDR050C","15414","0.64705882"
"81182","7.22177419","0.03121327","0.13847013","0.0","RPL25","2","2","17","-0.192","4.4813E-4","-0.425","9.2415E-7","0.076","0.17224","false","false","YOL127W","12.5","2","0","0","0.76956392","false","0","YOL127W","9108","0.52272727"
"81183","7.28629032","0.0","0.13724405","0.0","RPS24B","1","1","17","-0.313","7.7038E-6","-0.467","1.0186E-6","-0.018","0.74944","false","false","YIL069C","17.0","1","0","0","0.76717443","false","0","YIL069C","0","0.0"
"81184","7.28629032","0.0","0.13724405","0.0","RPS24A","1","1","17","-0.262","1.8517E-5","-0.449","2.1168E-6","-0.051","0.44216","false","false","YER074W","17.0","1","0","0","0.76717443","false","0","YER074W","0","0.0"
"81185","7.27016129","0.01606373","0.13754853","0.0","PHO5","2","2","17","-0.704","2.3291E-7","0.075","0.088763","-0.543","3.6198E-13","false","false","YBR093C","9.5","2","0","0","0.7677718","false","0","YBR093C","2092","0.5"
"81186","7.28629032","0.0","0.13724405","0.0","HSP42","1","1","17","-0.31","8.1757E-7","0.3","8.7039E-6","-0.723","1.4287E-12","false","false","YDR171W","17.0","1","0","0","0.76717443","false","0","YDR171W","0","0.0"
"81187","6.77822581","0.09883491","0.14753123","0.0","HIS4","3","3","17","-1.067","3.8988E-11","-0.898","2.3894E-7","0.29","0.0016438","false","false","YCL030C","9.0","3","0","0","0.78599164","false","0","YCL030C","18164","0.33333333"
"81188","7.28629032","0.0","0.13724405","0.0","RPL18B","1","1","17","-0.379","7.3086E-7","-0.245","1.0721E-4","-0.271","1.2267E-5","false","false","YNL301C","17.0","1","0","0","0.76717443","false","0","YNL301C","0","0.0"
"81189","7.28629032","0.0","0.13724405","0.0","RPL18A","1","1","17","-0.409","1.7242E-7","-0.225","3.0221E-4","-0.62","3.898E-9","false","false","YOL120C","17.0","1","0","0","0.76717443","false","0","YOL120C","0","0.0"
"81190","6.1733871","0.2780402","0.16198563","0.0","PDC1","3","3","15","-0.62","6.9512E-11","-0.071","0.23784","-0.184","0.0064407","false","false","YLR044C","10.33333333","3","0","0","0.80839307","false","0","YLR044C","82528","0.33333333"
"81191","7.22177419","0.03121327","0.13847013","0.0","RPL16A","2","2","17","-0.453","4.6153E-8","-0.311","1.1962E-4","-0.146","0.012589","false","false","YIL133C","12.5","2","0","0","0.76956392","false","0","YIL133C","9108","0.52272727"
"81192","6.94354839","0.0285648","0.14401858","0.0","ENO2","2","2","17","-0.816","7.175E-11","0.241","0.011477","-0.217","0.0015357","false","false","YHR174W","12.0","2","0","0","0.77986858","false","0","YHR174W","15414","0.64705882"
"81193","6.94354839","0.0285648","0.14401858","0.0","ENO1","2","2","17","-0.737","6.5621E-11","0.259","0.0079977","-0.171","0.025056","false","false","YGR254W","12.0","2","0","0","0.77986858","false","0","YGR254W","15414","0.64705882"
"81194","6.92741935","0.04462853","0.1443539","0.0","PGK1","3","3","17","-0.668","7.3129E-10","0.329","2.4163E-5","-0.746","4.2315E-13","false","false","YCR012W","8.66666667","3","0","0","0.78046595","false","0","YCR012W","16638","0.42592593"
"81195","6.29032258","0.35844736","0.15897436","0.0","RAP1","17","17","16","0.205","0.024692","0.015","0.93493","0.234","0.54155","false","false","YNL216W","1.88235294","17","0","0","0.80406213","false","0","YNL216W","111754","0.09803922"
"81196","6.92741935","0.04462853","0.1443539","0.0","CDC19","3","3","17","-0.652","1.3173E-10","0.123","0.10377","-0.453","1.5489E-7","false","false","YAL038W","8.66666667","3","0","0","0.78046595","false","0","YAL038W","16638","0.42592593"
"81197","7.91532258","0.00806452","0.12633724","0.0","MCK1","2","2","18","-0.046","0.27844","0.094","0.029538","-0.063","0.37572","false","false","YNL307C","2.0","2","0","0","0.74387694","false","0","YNL307C","614","0.5"
"81198","9.27822581","0.13296195","0.10777923","0.0","HEX3","3","3","21","0.214","4.0439E-5","0.073","0.22129","0.593","2.0836E-5","false","false","YDL013W","3.0","3","0","0","0.69339904","false","0","YDL013W","60158","0.33333333"
"81199","10.27419355","0.0","0.09733124","0.0","YER116C","1","1","22","0.029","0.56099","-0.11","0.18379","0.182","0.13915","false","false","YER116C","3.0","1","0","0","0.65651135","false","0","YER116C","0","0.0"
"81200","10.59274194","0.11341401","0.09440426","0.0","YNR053C","3","3","23","0.352","2.1301E-7","-0.238","0.0048783","-0.012","0.90581","false","false","YNR053C","4.0","3","0","0","0.64471326","false","0","YNR053C","50456","0.33333333"
"81201","12.10483871","0.01199882","0.08261159","0.0","RPS28B","4","4","25","-0.259","1.6086E-4","-0.299","2.0632E-4","-0.17","0.21059","false","false","YLR264W","3.25","4","0","0","0.58870968","false","0","YLR264W","8136","0.375"
"81202","11.18951613","0.04554212","0.08936937","0.0","YEL015W","2","2","23","0.222","3.0657E-5","-0.171","0.0052925","0.275","0.032829","false","false","YEL015W","5.5","2","0","0","0.62261051","false","0","YEL015W","9804","0.5"
"81203","12.12903226","0.0","0.08244681","0.0","YNL050C","1","1","25","0.301","1.425E-5","-0.448","0.0031926","0.594","7.5124E-4","false","false","YNL050C","7.0","1","0","0","0.58781362","false","0","YNL050C","0","0.0"
"81204","12.10483871","0.02399765","0.08261159","0.0","LYS9","2","2","25","0.223","1.1825E-5","-0.131","0.0089039","0.647","1.1773E-7","false","false","YNR050C","5.0","2","0","0","0.58870968","false","0","YNR050C","8154","0.5"
"81205","11.13306452","0.12017603","0.08982253","0.0","LSM8","7","7","24","0.059","0.6011","-0.435","0.070701","0.294","0.14344","false","false","YJR022W","2.57142857","7","0","0","0.62470131","false","0","YJR022W","47386","0.19642857"
"81206","12.10483871","0.01199882","0.08261159","0.0","RPS28A","4","4","25","-0.374","2.7303E-6","-0.239","1.0533E-4","-0.243","4.8633E-5","false","false","YOR167C","3.25","4","0","0","0.58870968","false","0","YOR167C","8136","0.375"
"81207","13.09274194","8.16E-6","0.0763782","0.0","LSM4","2","2","26","0.193","7.0527E-5","-0.181","0.0037591","0.151","0.13653","false","false","YER112W","4.0","2","0","0","0.55212067","false","0","YER112W","2","1.0"
"81208","6.80645161","0.01614536","0.14691943","0.26666667","ALPHA2","6","6","16","0.169","0.0012873","-0.085","0.11481","0.301","0.0027555","false","false","YCL067C","5.16666667","6","0","0","0.78494624","false","0","YCL067C","2084","0.26315789"
"81209","8.79032258","0.0","0.11376147","0.0","SSN6","1","1","18","0.108","0.009167","-0.004","0.92034","0.077","0.17771","false","false","YBR112C","2.0","1","0","0","0.71146953","false","0","YBR112C","0","0.0"
"81210","7.79435484","0.00806452","0.12829798","0.0","TUP1","2","2","17","0.044","0.28551","0.704","1.832E-4","-0.091","0.69411","false","false","YCR084C","3.5","2","0","0","0.74835723","false","0","YCR084C","1038","0.5"
"81211","8.57258065","0.15820029","0.11665099","0.0","SNP1","5","5","20","0.165","0.013072","-0.635","4.9035E-4","0.181","0.28119","false","false","YIL061C","1.8","5","0","0","0.71953405","false","0","YIL061C","70312","0.2"
"81212","9.56854839","0.0","0.10450906","0.0","YGR203W","1","1","21","-0.141","0.039575","-0.085","0.43554","-0.34","0.22451","false","false","YGR203W","5.0","1","0","0","0.68264636","false","0","YGR203W","0","0.0"
"81213","1.5","0.16666667","0.66666667","0.0","MAD3","2","2","2","-0.072","0.14469","-0.154","0.046575","0.084","0.52778","false","false","YJL013C","2.5","2","0","0","0.83333333","false","0","YJL013C","4","0.75"
"81214","1.75","0.08333333","0.57142857","0.0","SAP4","2","2","3","-0.521","2.3655E-9","0.171","0.020857","-0.208","0.28721","false","false","YGL229C","2.0","2","0","0","0.75","false","0","YGL229C","2","1.0"
"81215","1.5","0.16666667","0.66666667","0.0","MAD2","2","2","2","0.08","0.21701","-0.271","0.0092841","0.46","0.0045437","false","false","YJL030W","2.5","2","0","0","0.83333333","false","0","YJL030W","4","0.75"
"81216","1.25","0.58333333","0.8","0.0","MSB2","3","3","2","-0.066","0.093717","-0.131","0.01294","-0.171","0.031836","false","false","YGR014W","1.66666667","3","0","0","0.91666667","false","0","YGR014W","10","0.66666667"
"81217","2.0","0.0","0.5","0.0","NIP7","1","1","3","-0.231","0.0019352","-0.504","5.2826E-6","0.623","1.5609E-4","false","false","YPL211W","3.0","1","0","0","0.66666667","false","0","YPL211W","0","0.0"
"81218","16.35887097","0.0","0.06112891","0.0","RNA15","1","1","27","0.162","0.0013639","-0.211","0.0040902","0.281","0.0057448","false","false","YGL044C","2.0","1","0","0","0.43115293","false","0","YGL044C","0","0.0"
"81219","15.36290323","0.00806452","0.06509186","0.0","HRP1","2","2","26","0.245","9.8446E-6","0.126","0.0050114","-0.036","0.59496","false","false","YOL123W","2.0","2","0","0","0.46804062","false","0","YOL123W","1970","0.5"
"81220","1.33333333","0.16666667","0.75","0.0","EFB1","2","2","2","-0.157","0.0018696","-0.2","6.2814E-4","-0.146","0.013062","false","false","YAL003W","2.0","2","0","0","0.83333333","false","0","YAL003W","2","1.0"
"81221","9.45564516","0.0426128","0.10575693","0.0","GNA1","5","5","19","0.131","0.0017854","0.122","0.0055302","0.124","0.050323","false","false","YFL017C","1.6","5","0","0","0.68682796","false","0","YFL017C","6282","0.2"
"81222","9.81451613","0.02250902","0.10188989","0.0","TIF35","3","3","18","0.078","0.072655","-0.209","0.0011724","0.354","1.6643E-5","false","false","YDR429C","3.0","3","0","0","0.67353644","false","0","YDR429C","4106","0.33333333"
"81223","10.81048387","0.0","0.0925028","0.0","TIF34","1","1","19","-0.05","0.30844","-0.143","0.0085173","-0.151","0.072007","false","false","YMR146C","3.0","1","0","0","0.63664875","false","0","YMR146C","0","0.0"
"81224","1.66666667","0.0","0.6","0.0","GSP1","1","1","2","-0.242","1.7601E-5","-0.247","6.7968E-4","-0.128","0.012703","false","false","YLR293C","3.0","1","0","0","0.66666667","false","0","YLR293C","0","0.0"
"81225","1.33333333","0.16666667","0.75","0.0","TEF2","2","2","2","-0.074","0.053125","-0.063","0.15497","0.044","0.54556","false","false","YBR118W","2.0","2","0","0","0.83333333","false","0","YBR118W","2","1.0"
"81226","1.33333333","0.16666667","0.75","0.0","TEF1","2","2","2","-0.138","9.8725E-4","0.009","0.89728","-0.278","6.7798E-4","false","false","YPR080W","2.0","2","0","0","0.83333333","false","0","YPR080W","2","1.0"
"81227","1.33333333","0.16666667","0.75","0.0","YEF3","2","2","2","-0.39","2.713E-8","-0.394","0.04747","-0.769","0.035939","false","false","YLR249W","2.0","2","0","0","0.83333333","false","0","YLR249W","2","1.0"
"81228","1.66666667","0.0","0.6","0.0","DED1","1","1","2","-0.033","0.39944","-0.056","0.31268","-0.91","8.349E-16","false","false","YOR204W","3.0","1","0","0","0.66666667","false","0","YOR204W","0","0.0"
"81229","1.0","1.0","1.0","0.0","SRM1","3","3","1","0.16","0.0021913","-0.23","0.0022461","0.008","0.93826","false","false","YGL097W","1.0","3","0","0","1.0","false","0","YGL097W","6","0.0"
"81230","1.66666667","0.0","0.6","0.0","CRM1","1","1","2","-0.018","0.61381","-0.001","0.9794","-0.018","0.80969","false","false","YGR218W","3.0","1","0","0","0.66666667","false","0","YGR218W","0","0.0"
"81231","14.375","0.02406295","0.06956522","0.0","NAB2","3","3","25","0.174","8.7295E-4","0.02","0.61707","0.187","0.0059966","false","false","YGL122C","1.66666667","3","0","0","0.50462963","false","0","YGL122C","5902","0.33333333"
"81232","15.37096774","0.0","0.06505771","0.0","GCN3","1","1","26","-0.154","9.1177E-4","-0.501","3.5692E-6","0.292","0.011229","false","false","YKR026C","3.0","1","0","0","0.46774194","false","0","YKR026C","0","0.0"
